driverId,name,ssn,location,certified,wage-plan
10,Rachel Martin,721-30-7821,"4022 Aguilar Stravenue
West Michelleview, VI 65990",N,miles
11,James Wilson,394-92-7980,"5027 Amanda Island Apt. 807
Romerofort, WI 43475",N,miles
12,David Cervantes,287-38-2969,"988 John Road
Port Kevin, CO 04383",Y,miles
13,Candace French,098-04-1571,"464 Bush Plain
North Ronaldport, GU 81699",N,miles
14,Kristin Palmer,566-94-5261,"Unit 3150 Box 1945
DPO AP 86254",Y,hours
15,Ashley Hernandez,583-75-6571,"20489 Padilla Hills Suite 108
Combsport, LA 81017",Y,miles
16,Randy Massey,457-29-5708,"936 Zimmerman Island
New Brandon, WY 72982",N,hours
17,Cody Jones,014-29-6186,"91207 Helen Causeway Suite 019
New Glenn, MS 10685",N,hours
18,Mr. Matthew Andrews,630-24-7634,"52349 Schmidt Manors Apt. 007
East Adammouth, PA 93006",Y,hours
19,Brent Romero,678-88-7349,"0795 Mendez Cliff
Michaelview, GA 45758",Y,hours
20,Jeffrey Martinez,205-60-4401,"12922 David Shoals
South Caseyshire, ID 45644",Y,hours
21,Amber Davis,120-36-0924,"287 Crystal Streets Suite 219
Tylershire, NJ 99415",Y,hours
22,Christian Matthews,078-89-2166,"94794 Jack Parkways
Anthonyhaven, PR 02836",Y,miles
23,Natalie Duncan,296-24-8798,"9093 Paul Crest Suite 357
East Kimberlyside, VT 71605",N,miles
24,George Bradford,758-18-2844,"5388 Pacheco Extension
Martinezburgh, NJ 84227",Y,miles
25,Rachel Franklin DVM,717-11-4604,"91121 Alexander Ways
Dennisberg, WA 85902",Y,miles
26,Christina Joyce,713-34-6082,"37102 Lori Place
Littlefurt, MO 04071",Y,miles
27,Justin Owens,810-18-9207,"5473 Nathaniel Locks Suite 752
Port Tinaland, GA 33656",Y,hours
28,Ricky Harris,896-03-2081,"930 Morales Lodge
Richardfurt, ND 04510",Y,miles
29,Nicholas Kennedy,879-81-3484,"18516 Smith Isle
Lake Benjamin, TX 41383",N,hours
30,Steven Campbell,635-12-4112,"58968 Jeffery Way
Hillstad, KS 05421",Y,miles
31,Shannon Lynch,898-19-9157,"123 Jackson Plains
Kellerview, MH 61324",Y,hours
32,John Hernandez,562-65-6563,"3404 Ashley Villages
Lake Mark, AZ 85280",Y,miles
33,Cindy Cooke,568-16-9190,"991 Jonathan Key
Brownton, GU 69662",Y,hours
34,Jason Gibson,303-61-7662,"063 Daniel Isle Suite 602
East Andreaburgh, NY 36787",Y,hours
35,Sarah Booth,136-16-2334,"39024 Maria Landing
Wilsonshire, GU 06708",Y,hours
36,Christopher Hendricks,122-81-7704,"67221 Perkins Key
New Meghanmouth, CT 60677",N,miles
37,Sara Gray,535-56-0337,"7061 Pennington Inlet
East Sarah, NY 95703",Y,hours
38,Ashley Carey,569-87-3823,"72122 Nathan Village
East Miguel, GA 35562",N,miles
39,Peggy Herman,057-77-1403,"4642 Norris Dam Apt. 701
East Kevinton, NV 20850",N,hours
40,Angela Kelly,652-92-8661,"5125 Alex Turnpike Suite 031
Higginsborough, PW 38482",N,hours
41,Craig Turner,684-46-0662,"16190 Willis Walk Apt. 823
Murphyville, FL 52460",N,hours
42,Shannon Garcia,304-10-2877,"16293 Shea Grove
Port Rachelbury, KY 87303",N,miles
43,Raymond Brown,386-19-3140,"453 Benjamin Fort
Charlesville, LA 73885",N,miles
44,Johnny Bridges,165-60-7451,"4394 Heath Garden Apt. 680
Rachelborough, WI 30166",N,miles
45,Clinton Thompson,312-63-3006,"22325 Alexander Highway Suite 985
North Jennifer, WY 90224",Y,miles
46,Nicholas Burgess,524-46-9662,"2229 Tracy Pine Suite 697
Rachelborough, PR 15217",Y,hours
47,Logan Torres,719-27-0153,"46815 Tyler Ville
South Timothyhaven, WI 59501",N,hours
48,Lauren Mooney,402-56-1718,"05669 Flores Plains
Haydenview, LA 13052",Y,hours
49,Curtis Luna,580-34-3202,"541 Monica Spur Suite 932
New Madisonmouth, CO 28762",Y,miles
50,Sean Lambert,574-26-3545,"067 Clark Lock
West Richardstad, MT 76958",N,miles
51,Mr. Patrick Davidson Jr.,358-03-9434,"09425 Cameron Union
South Jacqueline, MT 75815",Y,miles
52,Mrs. Laura Fisher,528-45-9388,"520 Benjamin Causeway
Ruthberg, ID 20309",N,miles
53,Keith Cooper,627-74-9367,"0336 Pena Cliff Suite 322
Lake John, SD 18063",Y,miles
54,Michelle Brown,439-80-3382,"0326 Carlos Isle Suite 214
New Timothyfort, NJ 40675",N,miles
55,Sheila Owens,805-48-2927,"USCGC Valencia
FPO AE 91892",N,miles
56,William Braun,255-04-6843,"1103 Armstrong Ford Apt. 132
North Jamesfort, MN 61558",Y,hours
57,Timothy Lee,041-51-9572,"9042 Jennifer Mall Apt. 238
Mcdonaldside, GA 01572",Y,miles
58,Ashley Meyers,059-09-7965,"PSC 3872, Box 5511
APO AA 76480",N,miles
59,Ms. Taylor Murphy,131-62-2610,"9981 Bailey Fork Apt. 733
Lake Brianna, MS 86974",N,miles
60,Kim Lee,277-45-5134,"35647 Hardy Common Apt. 595
Huangstad, NC 59250",N,miles
61,Maria Fry,135-56-4585,"8169 Katherine Fords Apt. 853
New Marcus, DE 81724",N,miles
62,Allison Phillips,687-20-2823,"297 Billy Fall Suite 275
South Austinton, MD 26599",N,miles
63,William Rodriguez,266-71-7640,"581 Dudley Mountain
Lisashire, TN 83351",Y,miles
64,Dr. Susan Kim,212-39-5956,"6656 Steven Cliffs Suite 454
Port Michele, AS 80769",Y,hours
65,Kristina Carpenter,005-95-4407,"8425 Marc Turnpike
Hammondmouth, DE 78293",Y,hours
66,Shawn Chase,157-81-2703,"79415 Gloria Via
Tylermouth, PW 03113",Y,miles
67,Michael Williams,017-13-8572,"PSC 7330, Box 5783
APO AE 94719",Y,hours
68,Christine Nguyen,667-01-4479,"20087 Edwards Union
Lake Brian, WI 87191",N,miles
69,Kristen Brown,350-61-0614,"83119 Taylor Port Suite 863
East Sabrinashire, OH 41757",N,miles
70,Theresa Collins,763-33-6333,"70246 Thomas Hills Apt. 792
East Samuel, TX 49323",N,hours
71,Ryan Pitts,233-46-0903,"23446 Amanda Squares Apt. 953
North Brandonmouth, TN 14378",Y,miles
72,James Smith,282-54-3618,"151 Barbara Roads
North Brandytown, ND 06696",N,hours
73,James Hill,337-93-1966,"PSC 2637, Box 2146
APO AP 97962",N,hours
74,Ms. Taylor Zavala,108-02-1569,"784 Ibarra Stream Suite 830
Vanessabury, WY 90751",Y,miles
75,Thomas Brown,179-43-9790,"6958 Duarte Views Apt. 280
Bradyside, NY 29572",Y,miles
76,Sonya Rojas,151-10-3925,"0026 Smith Centers Apt. 103
Frankchester, CT 88357",N,miles
77,Phillip Hamilton,732-40-9968,"94725 Gilbert Alley
Chrisland, PA 39305",N,hours
78,Phillip White,850-72-0191,"50492 Johnny Lock Suite 970
Karenside, WI 88190",N,hours
79,Andrea Foley,332-48-9056,"9506 Sanchez Crest
Weeksview, MA 44050",N,miles
80,Jacob Morris,463-72-4099,"USCGC Zimmerman
FPO AP 78809",Y,miles
81,Kevin Lopez,398-21-6130,"Unit 8307 Box 0971
DPO AA 79758",N,miles
82,Tammie Hicks,523-67-9005,"14004 Booker Expressway
South Christophermouth, GA 92722",Y,miles
83,Edward Lambert,872-20-7658,"86568 Williams Ramp Apt. 280
Lake Johnhaven, VA 05268",N,miles
84,Anna Hernandez,340-77-5916,"485 Christopher Ridges Apt. 034
North Nicole, WY 87849",Y,hours
85,Jeremy Mills,734-67-6349,"314 Shawn Coves
Olivialand, GU 03659",Y,hours
86,Cynthia Bowen,045-05-2834,"962 Pineda Harbors Apt. 059
Lake Patriciaberg, ID 24119",Y,miles
87,Molly Rose,046-78-9031,"61016 Crosby Harbors
East Donna, AZ 81948",N,miles
88,Yvette Bailey,514-56-2310,"2472 Stephen Crescent
Suzannebury, GA 36178",N,miles
89,Jacob Mitchell,290-99-9283,"107 Hale Stravenue Apt. 403
Robertview, AL 54163",N,hours
90,Christie Bruce,026-27-1672,"187 Ward Crossing
South Tyler, WV 53369",Y,hours
91,Harry Payne,244-29-7586,"5516 Nelson Mountain Apt. 665
Yanghaven, TN 04087",N,hours
92,Mrs. Jasmin Friedman,252-17-6551,"80670 Jeffrey Island Apt. 429
New Donnaport, MD 55164",N,hours
93,Samantha Huff,476-87-4674,"7998 Jones Place
Beckyshire, MT 42814",Y,miles
94,Michelle Becker,184-48-9088,"029 Eric Valleys
Josephburgh, CO 14543",N,miles
95,Dean Walker,323-01-2193,"8638 Young Islands
Baileyville, AR 20624",Y,hours
96,Johnathan Barrett,471-93-2944,"2994 Zimmerman Passage
South Ricky, FL 67335",N,hours
97,Rachel Ford,035-29-9614,"582 Mary Route
South Brittneyhaven, VI 50934",N,hours
98,Brandi Walker,410-90-4693,"21929 Jason Parks Suite 630
Lake Sheila, TX 57313",N,hours
99,Mitchell Todd,106-84-8370,"PSC 3690, Box 3656
APO AE 95413",N,hours
100,Mr. William Powell DDS,592-81-9658,"85935 Morales Plaza
South Lisa, PW 10751",Y,hours
101,Katie Reid,030-77-6447,"14014 Nathan Lodge
Perrymouth, WI 98030",N,hours
102,Carol Rush,127-90-0965,"47162 Clarke Garden
Port Sharon, NC 35632",N,miles
103,Angela Hernandez,558-85-8058,"2336 Rogers Manor Apt. 942
West Kristinabury, OR 12326",Y,hours
104,Anthony Hudson,512-51-5242,"72332 Ashley Greens
Port Vanessabury, AZ 83865",Y,miles
105,Tina Gardner,333-26-1943,"8397 Smith Key
East Thomas, ID 12366",Y,hours
106,Madison Lewis,035-73-0489,"25113 Morris River Apt. 455
Jacksonstad, VT 58953",Y,hours
107,Clinton Mason,217-34-6260,"2876 Taylor Fords Suite 689
West Kevin, GA 48391",N,hours
108,David Mitchell,837-74-1368,"569 Sally Unions Apt. 196
New Stephen, NV 75555",Y,hours
109,Rodney Harris,166-14-4681,"3528 Martinez Branch Suite 084
Hamiltonberg, TN 69328",N,miles
110,Duane Thornton,758-34-4265,"USNS Carlson
FPO AE 62524",Y,hours
111,Kimberly Mccann,275-47-4247,"PSC 5052, Box 7593
APO AA 95161",Y,miles
112,Bridget Dudley,140-58-2119,"9448 Valerie Mission Apt. 066
North Howard, OR 20617",N,miles
113,Victoria Hall,760-22-0834,"88268 Deleon Forges
South Curtis, MO 93392",N,miles
114,Michelle Carson,537-68-2405,"474 Osborn Squares
Sandraborough, AZ 11068",Y,miles
115,Kenneth Young,465-59-3173,"00075 Burke Lodge
South Nicholaston, WV 54477",N,miles
116,Kendra Lopez,125-74-8685,"278 Jenkins Knolls
Brianhaven, FM 34790",N,miles
117,Benjamin Harris,599-89-9244,"1449 Galvan Hollow Suite 819
South Meganfort, MA 94797",N,hours
118,David White,678-85-8455,"03324 Thompson Way
Gomeztown, ID 09404",N,hours
119,Vanessa Bush,611-81-6034,"93740 Kim Via Suite 438
Carlafort, PW 93967",Y,hours
120,George Wood,634-97-0075,"72933 Johnson Circles Suite 693
Brownburgh, ME 04860",Y,miles
121,Michael Bush,615-17-0846,"8780 Joshua Ville
West David, FL 01917",Y,miles
122,Katherine Martin,700-04-0135,"85932 Taylor Squares Apt. 619
Villaview, MD 30428",Y,hours
123,Teresa Reynolds,220-48-0347,"05751 Taylor Flats
Simpsonchester, UT 49330",Y,hours
124,Michael Parrish,251-42-6343,"1276 Megan Shoal
Lake Rachelmouth, OK 93983",Y,hours
125,Amy Brown,730-92-5086,"74658 Reyes Causeway Suite 147
Kurtchester, ID 60457",N,miles
126,Mrs. Laura Garza,125-16-8499,"7747 Adams Forest
Hutchinsonland, NM 12347",Y,miles
127,Anthony Schroeder,581-52-2568,"190 Skinner Manors
East Nancy, IL 80262",N,miles
128,Jane Bell,515-45-2435,"PSC 5603, Box 5953
APO AA 12533",N,miles
129,Michelle Johnson,194-98-9632,"64929 Steven Well
Teresaton, NM 65125",N,hours
130,Christopher Hendricks,799-43-4751,"72306 Dennis Village
Moralesbury, KS 39411",N,miles
131,Russell Mcclain,471-31-8472,"507 Nicole Ramp Suite 977
Brooksmouth, AR 96205",N,hours
132,Chad Jensen,374-93-7323,"4849 Julia Rapid Suite 476
Michaelmouth, OR 15273",Y,hours
133,Amber Clayton,292-21-0652,"8923 Howard Mill
Marybury, MI 85115",Y,hours
134,Sandra Evans,481-78-8752,"1352 Price Crossroad Suite 228
Nicholasview, HI 63919",N,hours
135,Anthony Key,233-98-7621,"566 Garcia Circle Apt. 531
East Jessica, MN 07651",N,hours
136,John Villegas PhD,120-47-5100,"PSC 9319, Box 3425
APO AA 45070",N,miles
137,William Preston,288-60-4924,"8294 Robert Lane
Lawrenceside, NE 58730",N,miles
138,Charles Burton,820-53-1618,"67344 Joseph Burg Apt. 427
Lake Kristen, ND 82623",N,miles
139,Debra Carr,168-98-2337,"70917 Wallace Inlet
North Rachael, AS 28664",Y,miles
140,Candace Wright,805-76-0083,"506 Erica Glens Suite 941
Port Joe, IL 90236",Y,hours
141,Frank Hanson,755-14-7530,"576 Michelle Forks
Port Colleen, VI 83604",Y,hours
142,Elizabeth May,773-34-2146,"7532 Miranda Falls Suite 775
Nicoleburgh, FM 31857",N,hours
143,Rodney Gregory,530-73-4091,"077 Woods Club
New Angelabury, NY 40848",N,hours
144,Charles Warren,869-18-8326,"584 William Island
Jacobberg, LA 34871",Y,miles
145,Jasmine Carter,674-43-7135,"39643 Ingram Walks
Brandonmouth, WA 96957",Y,hours
146,Joseph Fernandez,436-96-5579,"82991 Vazquez Islands Suite 823
Lake Davidton, PW 54663",Y,miles
147,David Carr,367-65-3464,"75079 Dalton Light
Markbury, CT 57036",N,hours
148,Douglas Lowe,674-62-1986,"33010 Houston Estate
Lake Alexander, AS 62907",Y,miles
149,Julie Avery,655-16-9523,"72793 Murphy Light
Jasonfort, NH 72963",Y,miles
150,Kathryn Rollins,079-39-5384,"83272 Hansen Mill
North Barbarahaven, MT 09887",N,miles
151,Carlos Perry,268-84-5299,"970 Lacey Bypass
Codyland, AS 57253",N,hours
152,Sarah Warner,233-82-7847,"41747 Patricia River Apt. 072
Port Stephanieborough, GU 63444",N,hours
153,Sharon Burch,390-01-0753,"0330 Karen Street
Port Lynnborough, WV 23605",Y,hours
154,Donald Casey,824-28-4356,"35119 Knight Roads Suite 707
Juarezchester, TN 53153",Y,hours
155,Angelica Allen,576-55-3521,"USCGC Bailey
FPO AE 96051",N,miles
156,Jamie Carter,308-91-2492,"8840 Dana Underpass Apt. 964
Christinemouth, KS 75280",Y,miles
157,Christopher Campbell,129-76-9792,"1519 Skinner Parks
Adamston, GA 45137",Y,hours
158,Allison Shaw,390-41-0365,"3253 John Union Suite 814
East Staceyport, SD 76962",N,hours
159,Andrea Lee,210-42-7437,"571 Henry Cliff Suite 850
Kevinberg, VA 61649",N,miles
160,Allen Garcia,562-69-2281,"2654 Carrie Causeway
Lake Theresa, NV 47656",N,miles
161,April Harding,020-01-1472,"29139 Cruz Cliffs
Laurafort, NV 98283",Y,hours
162,Christie Myers,144-58-9714,"485 Braun Forks
Woodfurt, AL 73256",N,miles
163,Dana Chambers,024-32-5520,"66130 Robert Lodge Suite 124
Stevenberg, RI 44607",N,miles
164,Evan Kemp,790-37-5398,"85742 Christopher Mews Suite 253
West Anita, LA 85779",N,hours
165,Kyle Smith,368-51-5577,"591 Lee Trail
Kevinview, WV 16508",Y,hours
166,Anna Collins,515-89-0861,"50879 Williams Ports
Bryanside, NE 74862",Y,miles
167,Jennifer Simmons,401-82-0400,"54866 Hall Corners Apt. 840
Velezborough, MI 47347",N,hours
168,Donald Butler,348-57-8175,"6768 Anthony Forks
New Marybury, WV 46764",Y,hours
169,Jennifer Castillo,442-65-0413,"PSC 7912, Box 6855
APO AE 03993",Y,miles
170,David Ramsey PhD,898-92-7412,"Unit 8754 Box 4816
DPO AE 96379",Y,hours
171,Jason Reese,576-08-7486,"PSC 8125, Box 9958
APO AA 22483",Y,hours
172,Tanner Mcbride,163-32-4691,"20274 Donna Trail Suite 749
Jamesmouth, NE 58218",N,hours
173,Jonathan Harris,286-36-5743,"8513 Kelly Manor Suite 927
Rossburgh, NJ 27522",N,hours
174,Katherine Hamilton,838-20-2574,"Unit 8030 Box 5939
DPO AA 35456",N,hours
175,Kenneth Morales,588-38-0604,"7602 Garcia Roads Suite 751
Lisabury, CO 22615",N,hours
176,Christina Zamora,163-04-1506,"18906 Ryan Fields
West Johnland, MD 28534",Y,hours
177,Michele Humphrey,784-09-1104,"228 Bruce Walks
Christopherside, WY 69574",Y,hours
178,Mitchell Bass,138-40-7891,"47850 Berger Run Suite 496
Weissmouth, OR 94144",Y,miles
179,Robert Murillo,587-39-0580,"461 Amanda Estates
Thompsonmouth, WY 28774",N,hours
180,Rhonda Williams,752-36-4065,"05233 Schmidt Village Suite 247
Robertmouth, AZ 68044",Y,hours
181,Dana Miller,793-07-2934,"9140 Robertson Brooks Suite 188
Lake Sarahstad, NY 48446",N,hours
182,Charles Stewart,078-42-2339,"819 Andrew Inlet Apt. 473
New Matthew, GU 63920",Y,hours
183,Janet Kramer,486-61-0240,"015 Carter Stravenue Suite 306
Timothyport, OR 73225",N,miles
184,Denise Reyes,867-13-1954,"3059 Morse Villages
Lake Susan, MP 76885",Y,hours
185,Jessica Jones,399-80-2872,"47754 Smith Gardens
Lewisbury, SD 03412",Y,miles
186,John Johnson,749-07-1879,"9562 James Ferry Suite 007
South Shelley, CO 28857",N,hours
187,Taylor Gates,740-96-3216,"9798 Fowler Square
Port Daniel, MT 33031",N,hours
188,Erika Lewis,317-17-6920,"307 Christensen Loaf Suite 183
North Richard, WI 77041",Y,hours
189,Eddie Hernandez,755-65-7764,"54306 Janice Loaf
Kemptown, MH 81561",N,miles
190,Nicholas Ross,592-61-2587,"809 Kathryn Haven
Port Kimberly, VT 41204",Y,hours
191,Julie Taylor,507-81-3910,"57156 Cody Island
Kyliefort, TX 60984",Y,miles
192,Paula Cruz,702-01-1154,"9488 Ward Bypass
Joneshaven, IL 79007",N,miles
193,Carly Hood,382-77-4769,"3593 Melissa Rest Apt. 929
East Michael, AK 11919",N,miles
194,Colton Anderson,445-84-8359,"717 Flores Creek Suite 534
Tiffanybury, TN 88807",Y,miles
195,Mark Le,519-59-2146,"5338 Roberts Valley Suite 764
North Caleb, AK 91907",N,miles
196,Jody Shaw,822-26-0270,"31568 Kayla Squares
Kathleenfurt, OR 45583",N,miles
197,Rebecca Harrington,033-87-4201,"5225 Ferguson Village
Markfurt, MT 53872",N,miles
198,Christina Davis,496-44-6711,"Unit 9606 Box 6697
DPO AE 66388",Y,miles
199,Andrea Salazar,086-91-4835,"008 Cheryl Land Suite 127
Kirkview, NE 15946",Y,hours
200,Douglas Gray,644-60-8218,"56529 Phillips Gateway
Amberstad, MD 42801",Y,miles
201,Karen Walsh,849-32-0555,"6323 Oneal Springs
New Matthew, IL 52509",Y,miles
202,Amber Frazier,348-27-1294,"809 Wagner Mount
Hansonville, CA 68405",N,miles
203,Margaret Santiago,116-53-0892,"26968 Christopher Row Apt. 806
North Seanview, MN 34086",Y,hours
204,Victoria Hernandez,186-61-9614,"58972 Shaw Orchard
Carterview, AZ 34586",N,hours
205,Alexandra Foster,532-04-0233,"5743 Amy Lodge
Haaston, IL 06389",N,hours
206,Jessica Phillips,705-58-5853,"11836 White Cove Suite 060
Keithport, FL 13896",N,hours
207,Lisa Moore,621-28-5901,"787 Linda Burg Apt. 166
Bensonport, MO 88651",N,hours
208,Kendra Castillo,676-10-0602,"573 Jonathan Throughway
Ericburgh, NY 26894",Y,miles
209,Scott Carter PhD,083-46-0458,"7865 Fuller Ridges
Hollandtown, ID 25511",Y,hours
210,Daniel Harris,128-97-1534,"650 Tammy Run
North Karina, WI 39570",N,miles
211,Samuel Price,477-11-5623,"61313 Douglas Trace Apt. 090
Heidishire, PA 73482",N,miles
212,James Moore,616-80-5156,"3806 Rebecca Ways Suite 131
South Saraside, VT 48519",Y,hours
213,Yolanda Davis,490-73-7754,"400 Williams Springs Apt. 673
Port Melinda, NH 55435",N,hours
214,Nicole Lambert,386-52-2142,"82515 Lopez Parkway Apt. 587
Ryanview, TX 42608",N,hours
215,Antonio Rose,047-40-3753,"84398 James Views Apt. 575
South Derek, IN 58619",Y,hours
216,Patty Jones,294-73-2528,"PSC 4822, Box 0050
APO AP 50947",Y,hours
217,Zachary Robinson,762-76-8988,"3327 Stephanie Brook
Smithfort, CT 08721",Y,hours
218,Randall Boyer,261-33-5215,"PSC 6335, Box 3577
APO AE 88271",N,miles
219,Dawn Shaw,186-22-9477,"4176 Cathy Roads Apt. 246
East Tabitha, OR 70321",Y,hours
220,Terry Martin PhD,850-81-9270,"9887 Sanford Vista
Christopherton, ID 35891",Y,hours
221,Brandon Moss,206-01-3634,"97886 Laura Throughway
West Alexisside, AR 15669",Y,miles
222,Kimberly Brown,153-33-8725,"03998 Lisa Stream Apt. 159
West Angela, MO 70282",N,hours
223,Jane Gomez,790-89-6399,"USNV Peterson
FPO AE 38859",Y,hours
224,Aaron Velasquez,109-89-7571,"Unit 1977 Box 0479
DPO AA 80681",Y,miles
225,Robert Green,505-19-7058,"314 Mary Lock
Donaldville, IA 07701",Y,miles
226,Elizabeth Robinson,096-67-5963,"40004 Miller Point
South Jasontown, UT 31864",N,miles
227,Rachel Rivera,220-88-8949,"Unit 5713 Box 1013
DPO AP 61577",Y,miles
228,Stephanie Vincent,697-57-1526,"27545 Brooks Forges
South Jeremy, IN 33400",N,hours
229,Wesley Washington,453-88-0653,"413 Jason Ferry Suite 678
West Brittney, OH 42839",Y,hours
230,Janice Reyes,795-54-1038,"Unit 4887 Box 8927
DPO AP 38401",Y,hours
231,Bryce Lawrence,166-66-2372,"0667 Stephen Via
Michelleton, TX 12080",N,hours
232,James Ruiz,549-59-8052,"39110 Shelly Corners
South Angelaland, ID 98546",N,hours
233,Nicole Scott,861-13-4982,"552 Jacob Course Suite 762
Matthewmouth, AZ 39999",N,miles
234,Christine Shannon,207-61-5681,"604 Scott Stream Suite 647
Anthonymouth, FL 59523",N,miles
235,Darlene Smith,560-71-1251,"5672 Walker Throughway
East Brandonmouth, DC 80195",Y,miles
236,Stephanie Stevens,352-40-2411,"623 West Inlet Apt. 825
Port Markside, PW 26981",N,miles
237,Todd Miller,853-21-2083,"842 Cheryl Fork
Andersonmouth, WA 11678",Y,hours
238,Joshua Rojas,826-65-2164,"659 Garcia Square
Josephstad, IN 67352",N,miles
239,Kevin Perez,727-98-0660,"7368 Harrison Ports
Jessicafurt, DC 41067",Y,hours
240,Joy Weaver,180-15-6658,"16019 Hudson Courts
Gonzalesfort, MI 64994",Y,hours
241,Linda Garcia,253-43-8434,"21194 Tony Cliff Apt. 627
East Brianna, CO 17206",Y,miles
242,Paul Knight,160-26-8990,"7350 Sarah Stravenue
Port Thomas, GA 66801",N,miles
243,Beth Martinez,314-34-9898,"976 Christensen Plain Suite 098
Jeanfurt, WV 96762",N,hours
244,Steve Bentley,046-51-7950,"53226 John Skyway
Youngview, ID 03674",Y,hours
245,Tommy Guzman,051-76-8525,"580 Garcia Ranch Suite 291
West James, SD 54735",N,hours
246,Stephen Parks,141-23-7452,"3373 Dennis Station
Ryanmouth, ID 60351",N,hours
247,Leslie Contreras,091-16-2531,"947 Kristina Square Apt. 159
Joshuaport, AK 38886",N,hours
248,Kenneth Pierce,864-11-5981,"339 Rivera Circle Suite 479
Christinachester, PW 46259",N,hours
249,Cassandra Gould,528-88-5775,"57242 Morris Islands Apt. 220
Zavalashire, KY 78493",N,miles
250,Mr. Jason Williams,522-23-8136,"204 Beth Plains
Lake Natalie, RI 69779",Y,miles
251,Jeffrey Kemp,645-90-8916,"944 Jeff Stream Apt. 902
Castillohaven, MA 17431",Y,miles
252,Bobby Miles,264-10-6989,"108 Farrell Station Suite 566
Wheelerchester, OK 85440",N,miles
253,Eric Blankenship,566-20-9109,"30742 Judith Underpass
New David, TX 19081",Y,hours
254,Timothy Chen,501-56-4598,"538 Smith Flats
Scottville, CO 74557",Y,miles
255,Maria Larsen,691-91-0709,"3114 Rich Brooks
Allisonburgh, HI 20270",N,miles
256,Julie Smith,691-98-5967,"Unit 4604 Box 2068
DPO AP 32067",N,miles
257,Alison Jackson,500-40-3989,"5813 Nicholas Alley Apt. 160
Alexanderfort, OH 29304",N,hours
258,Diana Herrera,243-56-9669,"8102 Campbell Creek Apt. 208
Kellerburgh, SC 08314",Y,miles
259,Brenda Pineda,086-85-0835,"294 Jackson Gateway
Huffborough, MP 83473",Y,hours
260,Donald Morton,538-91-7439,"155 James Club Suite 809
Port Elizabeth, PW 50536",Y,hours
261,Bruce Cole,322-65-9607,"983 Sherry Pines Suite 964
North Timothyhaven, MH 18585",N,miles
262,Toni Hayes,432-49-4364,"7855 Toni Key
South Dawnview, VA 72561",Y,hours
263,Robert Mullen,811-18-7047,"82442 Jose Stravenue Apt. 632
Pruittchester, NY 92870",N,hours
264,Michael Anderson,649-23-6676,"53826 Walker Extensions
South Michaelburgh, CO 02561",N,miles
265,Natasha Glass,169-63-2909,"USNS Drake
FPO AP 53789",N,hours
266,Debbie Mejia,806-09-0987,"892 Trevor Ridges Suite 164
Andrewsville, FM 08676",Y,hours
267,Anthony Henderson,734-27-3386,"09039 Weaver Pass Apt. 719
Christinastad, OH 97046",N,miles
268,Dawn Yang,724-94-6149,"2073 Bowman Crossroad Apt. 150
Derekchester, ID 90447",Y,miles
269,Jason Baker,639-12-4913,"59277 Robert Rue Apt. 005
Bakermouth, ND 12382",Y,hours
270,Joshua Miller,547-67-1981,"13479 Stephanie Island Apt. 771
Stephaniemouth, NH 18504",Y,miles
271,Nathaniel Santana,440-39-1026,"11310 Aaron Mission
Wilsonshire, IN 80910",Y,miles
272,Kathy Pope,524-45-5237,"9470 Beth Branch Apt. 987
Douglasside, WA 55438",Y,miles
273,Joe Nelson,813-71-0308,"342 Nguyen Ford Suite 993
New Patriciaport, FM 45745",N,hours
274,Jimmy Kirby,698-19-1010,"78211 Scott Green Suite 079
Mitchellshire, VA 94960",Y,hours
275,Robert Villegas,150-88-8893,"577 Schneider Locks
South Mariafort, NV 81049",N,hours
276,Danielle Rose,194-58-6382,"30965 Danielle Mill
Michellemouth, VI 54508",Y,miles
277,Christina Gardner,446-07-7459,"17389 Alvarado Forest
South Katie, KS 79770",Y,hours
278,Jill Sullivan,362-71-3697,"8436 Carroll Forks
Cuevasside, SD 58017",N,miles
279,Jennifer Flores,613-33-4695,"USNV Johnson
FPO AP 31077",Y,hours
280,Aaron Diaz,532-83-0194,"2894 Jay Mount
New Donnatown, IA 85944",N,hours
281,Michelle Silva,575-96-9570,"580 David Pass
Ruiztown, OH 84866",Y,hours
282,Gregory Tran,516-87-6578,"59689 Brock Oval
Petershire, WV 72449",N,miles
283,Kathleen Mckee,219-62-9247,"054 Thompson Parkways
Williamberg, CA 25051",Y,miles
284,Douglas Jensen,451-89-6328,"091 Sharon Turnpike
Port Markborough, NC 49487",Y,miles
285,Cassidy Velez,871-89-4150,"369 Sara Ports
Port Thomasmouth, PA 93357",Y,miles
286,Kimberly Reynolds,415-55-8627,"2351 Dawn Flats Suite 481
Garyland, IL 62927",Y,hours
287,Theresa Morgan,468-26-4270,"USNS Mcbride
FPO AE 02266",N,hours
288,Mrs. Chelsey Carroll MD,286-93-9706,"53252 Gutierrez Loaf Suite 947
West Bryanside, AZ 37995",N,miles
289,Allen Fernandez,358-87-0580,"7100 Williams Place Suite 472
Williamton, UT 73510",Y,hours
290,Connor Hunt,398-34-6993,"7753 Joel Mission
Warrenfurt, UT 54516",N,miles
291,Rachel Johnson,185-03-8499,"623 Powers Shores
Ramoschester, CO 79130",N,miles
292,Jennifer Craig,311-29-7162,"32271 Rivera Lake
Lake Katherine, PR 50217",N,hours
293,Mr. James Gallagher DDS,572-85-0241,"730 Sean Port Suite 805
Lake Jeffrey, PA 58031",N,miles
294,Aaron Hansen,285-67-2734,"428 Susan Keys Apt. 985
Lake Jonathan, WI 50162",Y,miles
295,Sean Malone,646-88-1400,"96968 Cole Cove Suite 359
Alisonton, UT 55406",Y,hours
296,Bethany Garcia,107-71-7410,"Unit 7675 Box 8204
DPO AE 76033",N,hours
297,Frances Torres,586-53-9370,"11830 Seth Port Suite 938
Elizabethburgh, CT 93637",Y,miles
298,Scott Ware,468-88-2533,"00622 Andre Mews Apt. 569
Amandastad, WY 83046",Y,hours
299,Stephen Brewer,631-87-7043,"542 Randy Pines
Brownchester, SD 43745",Y,miles
300,Austin Sparks,045-37-7161,"0718 Joyce Well
Lake Michelle, HI 39434",Y,hours
301,Samuel Meyer,028-82-6758,"79315 Harvey Dale Suite 667
Andersonbury, HI 55275",Y,hours
302,Darlene Ochoa,256-42-7014,"415 Angela Park
Port Edward, AL 55446",N,hours
303,Katherine Adams,675-51-7513,"477 Duarte Springs Suite 174
East Anthony, ID 13310",Y,miles
304,Anthony Weaver,292-29-9418,"0792 Joshua Rapid
Smithchester, MH 13569",N,hours
305,Bryan King,313-20-7258,"08843 Christopher Center
West Anthony, SC 53931",Y,hours
306,David Thomas,786-87-3728,"497 Avila Plaza
East Eric, IA 69455",Y,hours
307,Tyler Gordon,620-71-8878,"8495 Taylor Roads
Jenniferhaven, KS 08181",Y,hours
308,Troy Graham,309-02-8807,"78482 Andrew Pines
North Crystalmouth, NM 94052",N,miles
309,Tyler Kemp,094-68-7240,"0318 Stephanie Rue
Port Rachel, VA 96256",Y,hours
310,Erik Stanley,238-59-0783,"PSC 8719, Box 4856
APO AA 44892",N,hours
311,Diane Aguilar,808-40-0883,"536 Karen Bypass
West Kerri, WV 96580",N,miles
312,William Golden,192-77-2026,"237 Anthony Rapids Apt. 825
East Kenneth, WI 66300",N,miles
313,Kevin Sharp,023-02-9774,"243 Gray Extensions
Karenberg, NM 21348",Y,hours
314,Kaylee Randall,675-05-9846,"6143 Thomas Ramp
Alvarezfort, AZ 36048",Y,miles
315,Eric Roberts,557-26-9067,"PSC 0346, Box 1944
APO AA 64506",Y,miles
316,Douglas Campbell,729-29-2007,"4489 Ashley Way
Briggstown, AL 82614",Y,miles
317,Debra Duarte,616-30-5555,"11814 Michael Harbors Apt. 515
Ericchester, MD 18975",N,hours
318,Jodi Nichols,322-55-3951,"5595 James Crescent
North Danamouth, RI 53421",N,hours
319,Cory Terry,503-03-6963,"46119 Brown Burgs Apt. 302
Danielside, MS 19965",N,miles
320,Lauren Dixon,439-45-1400,"83018 Alicia Shoals
Lake Vincentfurt, NJ 56199",Y,miles
321,Dr. Megan Jackson,743-76-0982,"676 Rachel Ville
Dayhaven, UT 57134",N,hours
322,Donald Romero,294-94-4163,"5188 Hernandez Haven
Scottmouth, CO 67656",Y,miles
323,Bryan Marshall,101-90-2161,"93073 John Roads Apt. 060
Port Pamelastad, NM 66178",Y,hours
324,Valerie Page,197-50-3577,"4450 Carter Groves
Michaelshire, AK 97563",N,hours
325,Jenna Chandler,482-40-9104,"36289 Lee Forks
Shannonborough, GU 73031",Y,miles
326,Karen Fitzpatrick,456-49-8872,"USS Johnson
FPO AP 82055",N,hours
327,Kristen Parker,257-19-8338,"051 Smith Highway Apt. 601
Grahamland, AR 61179",N,miles
328,Teresa Baxter,021-86-9729,"44011 Kimberly Rue
Hayshaven, MD 57415",Y,hours
329,Elizabeth Fitzgerald,393-46-6336,"6181 Jason Islands
Christopherburgh, ID 07684",N,hours
330,Ashley Morris,329-23-9151,"46325 Stevenson Springs Suite 778
West Travis, OR 90084",Y,hours
331,Jose Wilson,206-99-0437,"55529 Hines Lock
West Alexis, WV 14249",Y,hours
332,Mitchell Wells,164-42-4060,"99303 Williams Highway
Bernardtown, MS 45710",Y,miles
333,Elizabeth Wall,801-63-6251,"832 Armstrong Pike
Port Chadfurt, NE 92305",Y,miles
334,Peter Lopez,522-18-0109,"45861 Rodriguez Mountain
Port Katherinemouth, NE 39684",Y,miles
335,Jessica Meyers,076-37-7700,"848 Beth Loaf
Lake Stephanie, HI 60933",Y,miles
336,William Warner,010-04-0002,"63070 Meghan Mills Suite 538
Luisfort, CT 90879",Y,miles
337,Jeffery Torres,079-10-0813,"PSC 2308, Box 6803
APO AP 17397",N,hours
338,Nathan Bennett,528-95-1716,"152 Myers Dale Apt. 159
South Dominiquemouth, MA 82808",Y,miles
339,Mrs. Dawn Bell,277-76-4676,"00129 Ho Turnpike
Lake Karinaborough, WI 05209",Y,miles
340,Taylor Walters,414-83-8823,"43615 Lance Overpass
South Thomasside, CT 37274",Y,miles
341,Tony Brady,497-84-8986,"33310 Woods View Apt. 894
Wolffurt, OK 19235",N,hours
342,Melissa Wright,717-96-2285,"496 Cabrera Highway
North Stephenfort, GU 46283",N,hours
343,Carla Yates,391-01-8130,"946 Tamara Forks
Cartertown, TX 95326",N,miles
344,Brendan Downs,829-60-1764,"1047 Brewer Ranch Apt. 778
Stevenside, NY 20908",Y,miles
345,Joann Ellis,049-97-4331,"USNV Smith
FPO AP 12949",Y,hours
346,Pamela Hansen,538-15-0149,"609 Tanya Harbor
Lake Kurtburgh, ID 31021",N,miles
347,Alyssa Young,228-63-2814,"803 Ryan Mountain Suite 294
North Kyleland, AK 43715",N,miles
348,Kenneth Weber,544-05-4214,"8222 Derek Village
West Sethhaven, NH 02749",N,miles
349,Kelly Williams DVM,756-86-0024,"PSC 3440, Box 3859
APO AA 91939",Y,hours
350,Ryan Sullivan,109-41-3030,"5466 Adams Village Apt. 825
New Ryanburgh, VT 81007",N,hours
351,Rachel Velez,379-61-6834,"25895 Taylor Crossing
Ramoschester, RI 79861",N,hours
352,Zachary Watson,626-96-7157,"77287 Rodriguez Court
Lake Tina, OR 05564",N,miles
353,Jonathan Larson,724-88-9733,"802 Joshua Village Suite 840
Hallborough, MA 85874",N,hours
354,Bonnie Davis,026-32-1208,"PSC 5364, Box 3620
APO AE 81732",N,miles
355,Caroline Brown,327-01-6740,"53749 Lopez Pike Suite 213
Justinshire, SC 12051",N,miles
356,Sarah Montgomery,568-31-4572,"4905 Jillian Radial
South Amymouth, KS 15991",Y,hours
357,Edward Young,514-43-6180,"Unit 9513 Box 8459
DPO AA 40439",Y,miles
358,Rachel Parsons,405-80-3336,"USNS Jones
FPO AP 56261",N,miles
359,Lauren Joyce,494-22-5298,"909 Blake Vista
Lake Shannon, WV 16592",N,hours
360,Stephanie Thompson,560-27-2024,"37809 Timothy Ranch
South Jonathanview, MS 48896",Y,hours
361,Austin Lopez,683-78-7982,"3907 Peter Plaza
Lake Kylestad, KY 21068",N,miles
362,Mr. Todd Johnson Jr.,562-74-0465,"0892 Paul Plaza Suite 402
East Kara, WY 13405",Y,miles
363,Karen Parker,072-96-7630,"68748 Hanna Forks Suite 243
Vegaton, MI 03513",Y,hours
364,Gary Gomez,897-33-5587,"USNS Lewis
FPO AA 72947",Y,hours
365,Gary Valdez,738-36-8199,"2827 Desiree Neck
Port Hunter, OR 18775",N,miles
366,Charles Allison,325-87-4178,"49509 Timothy Land
Gonzalezfort, KS 02547",Y,hours
367,Austin Simon,460-09-3725,"67849 Eric Mission
Shepardburgh, VI 79785",Y,hours
368,Megan Johnson,424-05-4885,"PSC 2276, Box 7724
APO AA 54865",N,hours
369,Dr. Heidi Stephenson,392-11-6551,"898 Archer Valleys Apt. 688
Sheafurt, HI 60120",N,miles
370,April Padilla,619-73-9205,"56347 Newton Springs Apt. 299
East Jameshaven, MS 60221",Y,miles
371,Mark Miller,874-04-5599,"18035 Martinez Landing Suite 130
Coxville, CA 40432",N,miles
372,Cheryl Morris,311-90-6931,"72156 Shane Valley
Jenniferside, PR 88504",N,miles
373,Bobby Hernandez,665-77-0799,"74499 Michelle Locks
East Robertborough, HI 04785",Y,miles
374,Stephen Tran,490-98-5420,"1721 Casey Squares Apt. 140
Port Sherristad, NH 03890",Y,miles
375,Jason Montgomery,018-41-7845,"343 Angela Divide
West Candace, UT 15312",Y,hours
376,John Baker,846-08-3084,"8843 Gordon Cliff
Port Judith, AR 82942",N,hours
377,Dana Glass,376-90-8119,"403 Angel Drives Suite 898
North Jasmineside, WI 71937",N,hours
378,Belinda Mclean,866-08-9443,"165 Jensen Squares Suite 113
Port Alisonshire, MS 89629",N,miles
379,Ronald Campbell,593-70-7149,"993 Harris Villages Suite 165
Meyerbury, CO 83134",N,miles
380,Frederick Small,462-84-2040,"5174 Patterson Mall Suite 447
New Colton, CT 46437",N,hours
381,Jay Patterson,248-80-7037,"7137 Joshua Station
Beckerbury, NH 12458",N,hours
382,Adrian Townsend,655-81-4943,"USCGC Brown
FPO AE 06565",N,hours
383,Wendy Roman,870-30-2359,"4112 Candice Island
Armstronghaven, MI 07794",Y,miles
384,Preston Bell,180-76-7182,"5929 Collins Flat Apt. 489
Matthewsville, HI 64531",N,miles
385,Lindsey Krause,003-66-9052,"589 Wesley Mews
North Mary, VI 15436",Y,miles
386,David Chase,503-21-8244,"Unit 2699 Box 6096
DPO AP 76576",N,hours
387,Brandy Adams,270-38-2755,"43499 Chung Rue
Nicoleton, NV 36268",N,miles
388,James Ramirez,029-41-8426,"04247 Gallegos Route Suite 632
Kevinside, CO 77791",Y,miles
389,Jeremy Landry,301-31-8162,"1141 Singleton Ramp Apt. 879
West Hannahborough, CT 05923",Y,hours
390,Christopher Smith,160-45-2181,"992 Catherine Park Apt. 618
Wilcoxmouth, KY 45982",Y,miles
391,Jason Harvey,845-25-2265,"534 Steven Corners Apt. 796
Sheilaport, MS 90145",N,hours
392,Kerri Smith,116-89-2261,"348 Elizabeth Wells
Lake Christianchester, CO 99206",Y,miles
393,Cynthia Foster,572-94-6625,"167 Kenneth Roads Apt. 337
Thomasfort, ID 51928",N,miles
394,Mary Patel,348-46-5073,"12422 Angela View
Davidside, NV 52614",Y,hours
395,Mrs. Jill White MD,627-60-4417,"Unit 7203 Box 7572
DPO AP 73534",Y,miles
396,Regina Webb,870-19-4716,"1619 Troy Loaf
New Melissa, SC 31950",Y,miles
397,Jennifer Collins,425-42-6334,"80305 Alexander Tunnel Suite 544
Jayville, NJ 40205",Y,hours
398,Dr. Connie Parker,840-86-2497,"28640 Herring Fields Apt. 401
Sierrahaven, GU 85009",N,miles
399,Scott Webb,199-29-4317,"476 Strong Throughway Apt. 858
Lake Jill, NH 63115",N,hours
400,Tara Lyons,824-34-2196,"8924 Davis Hill
Port Christopher, IA 15377",N,hours
401,David George,655-52-6810,"72437 Chambers Radial Suite 429
Tinafort, NV 74883",N,miles
402,Christian Henry,658-79-5865,"465 Walker Cove Apt. 844
Ballfort, NY 69025",Y,miles
403,Patrick Howard,081-58-9226,"774 John Glens Apt. 128
Lake Charlesberg, AZ 78518",Y,miles
404,Lauren Nelson,122-12-1912,"71323 Simpson Isle
Ramirezport, NC 00769",N,miles
405,Ian Jimenez,088-72-4232,"710 Snyder Passage Apt. 942
Wongshire, IA 17784",Y,hours
406,Sarah Johnson,392-76-6568,"Unit 9860 Box 1041
DPO AE 62802",N,miles
407,Gregory Martinez,756-65-9556,"16780 Williamson Forest Apt. 516
Greenton, GA 81431",N,miles
408,Jason Hayden,591-92-6437,"7081 Anna Courts Apt. 398
Codytown, DE 41751",Y,miles
409,Rachel Anderson,045-52-3028,"80645 Nancy Fields
South Andrea, ND 11681",Y,miles
410,Kathleen Pacheco,800-62-5855,"8122 Walsh Prairie
Lake Matthewview, MP 44617",Y,hours
411,John Cameron,790-38-2515,"536 Ashley Wells Suite 154
North Brandonchester, NJ 75798",Y,hours
412,Melissa Hall,421-52-4971,"602 Jefferson Row
New Mollyside, MP 21089",Y,hours
413,Ashley Macdonald,055-54-7889,"2433 Estrada Garden Apt. 992
Walkerchester, AZ 61285",N,miles
414,Kathy Diaz,428-10-7059,"96149 James Tunnel Suite 700
Ramirezborough, IA 91427",Y,miles
415,Andrew Castro,036-25-2243,"94250 Mayer Mission
Joetown, OR 94102",N,miles
416,Jennifer Fitzgerald,695-74-2512,"6721 Sara Village
East Tinamouth, ME 05905",N,hours
417,Amy Reed,733-22-3710,"486 Elliott Fields
Port Connormouth, NV 15800",N,hours
418,Maria Clark,118-43-5898,"PSC 4853, Box 0960
APO AE 84380",N,hours
419,Kathleen Best,764-66-9345,"USNS Hernandez
FPO AP 92464",N,hours
420,Cody Knapp,770-22-2262,"916 Melanie Burg
Hodgebury, MN 77747",Y,hours
421,Robert Chavez DDS,235-80-2833,"314 Henry Streets
Hamptonburgh, AZ 99148",Y,miles
422,Nathan Walker,157-38-0654,"683 Swanson Freeway Apt. 286
North Kevin, GU 88333",Y,hours
423,Tyler Smith,531-70-0271,"595 Martin Passage
West Christopherview, MH 54408",Y,hours
424,Joseph Robbins,241-31-7490,"81386 Ruiz Fields
South Molly, IA 69771",Y,miles
425,Adrian Church,136-78-9471,"49955 Angela Corner Apt. 833
Port Jennifer, WY 89468",N,miles
426,John Montoya DVM,885-12-5408,"64299 Elizabeth Neck
New Austin, AR 67491",N,hours
427,Olivia Cervantes,515-24-0795,"1235 Stephen Passage Suite 132
West Douglasville, IL 33284",Y,hours
428,Linda Rice,246-48-4323,"0004 Chapman Fort Suite 257
Debrahaven, OK 02365",N,hours
429,Monica Thomas,679-29-1601,"16366 Kristen Street Apt. 189
New Charlesview, OR 18709",N,hours
430,Gabriel Wilkerson PhD,629-73-4666,"970 Ross Vista Suite 924
Bautistafort, RI 12131",N,hours
431,Rebecca Perry,402-30-5548,"81338 Angela Wall
Lake Mandy, MN 26448",Y,miles
432,Devin Compton,304-89-0532,"45898 Crystal Ville Suite 920
Morrisfurt, WV 21839",N,miles
433,Ralph Chung,724-12-6263,"12219 Thomas Estate Suite 415
Sarahview, TN 38585",Y,miles
434,James Smith,085-92-1022,"55980 Thomas Common
Jefferybury, DC 40323",Y,hours
435,Tabitha Miller,461-84-8541,"5337 Cabrera Row Suite 863
Stevenmouth, IA 77286",N,hours
436,Charles Morris,348-74-6225,"55778 Norma Shoal
New Courtney, OR 95585",N,hours
437,Steven Chavez,231-07-7162,"Unit 6822 Box 4838
DPO AA 43850",N,miles
438,Ebony Evans,017-14-0218,"8648 Robert Station
North Marcview, NC 57373",N,miles
439,Jaclyn Prince,435-54-8971,"158 Lori Mission
Lake Kimberly, MO 70608",Y,miles
440,Christine Reeves,327-12-8664,"520 Marshall Mission
Alvaradofort, WV 10743",Y,hours
441,Jonathan Jefferson,541-47-3689,"USCGC Orozco
FPO AA 27926",N,hours
442,Casey Dunlap,059-84-2449,"8630 White Mountain
Port Elizabethberg, OH 60017",N,hours
443,Christopher Stevens,629-48-4193,"862 Harold Union Apt. 427
Stevenmouth, IN 81711",Y,miles
444,David Spears,816-58-9151,"863 Jennifer Grove
South Ashley, ME 29103",Y,hours
445,Colleen Ruiz MD,853-77-8365,"04861 Paul Grove
Lake Cynthia, WI 93181",Y,miles
446,Richard White,734-48-9199,"278 Turner Ridge Suite 758
Port Mindyland, MN 22469",Y,hours
447,Stephen Stephenson,495-71-3548,"507 Matthew Pike Apt. 191
Port Stacy, NC 07406",Y,hours
448,Christian Salazar,602-01-4127,"578 Hall Port
Younghaven, GA 51029",Y,miles
449,Thomas Brown DDS,296-24-2207,"430 Richard Meadows
Wardstad, GU 06022",N,hours
450,Stacy Winters,537-33-6882,"012 Mcdonald Run Apt. 798
South Cheryl, ME 44637",N,miles
451,Amy Morton,288-07-8150,"1413 Baker Vista Suite 498
East Emily, SD 35159",Y,hours
452,Gina Rowe,559-10-5845,"052 Alejandro Village Apt. 090
Jerryland, AR 65537",Y,hours
453,Mike Sosa,017-31-3488,"185 Mclaughlin Mills Suite 513
New James, NM 60381",N,hours
454,Rebecca Garcia,252-55-0961,"Unit 4184 Box 6320
DPO AA 98920",N,miles
455,Kristine Martin,018-55-5990,"PSC 1188, Box 3460
APO AE 95547",Y,hours
456,Larry Castro,170-75-1869,"83173 Calhoun Forge
East Robert, AZ 60265",N,miles
457,David York,408-96-7016,"94349 Joyce Land
Lake Aaronhaven, IL 89953",N,hours
458,Andrea Parker,623-71-8175,"26382 Lori Ford
Wileyton, NV 36595",N,hours
459,Debra Villanueva,727-20-0897,"675 Charlene Camp Apt. 073
Port Dawnfort, MA 26646",N,miles
460,Monica Carr,891-90-4110,"2683 Carpenter Valley
New Anthonyhaven, WI 92612",Y,miles
461,Dwayne Murray,579-03-9944,"6354 Owens Trail
Lake Patrick, WI 20752",N,hours
462,Jonathan Brown,864-41-6336,"38141 Joseph Roads Apt. 677
Jamesside, FL 12048",Y,hours
463,Julie Vaughn,812-30-1309,"783 Stephenson Station Suite 262
East Kayla, KY 53039",Y,miles
464,Brian Krause,485-63-5940,"3513 Lawson Mills
Lake Timothy, IL 73307",N,hours
465,Patrick Roman,773-05-4904,"21961 Waters Lock Apt. 938
Port Timothyville, HI 16225",N,miles
466,Stephanie Boyd,448-23-8029,"7800 Melinda Locks
Hallfurt, UT 88632",N,hours
467,Melvin Martin,830-97-4771,"3156 Hatfield Inlet Apt. 954
Lake Laura, PW 75197",N,miles
468,Rebecca Miller,612-21-7351,"077 Chen Squares
East Marcus, AZ 69031",N,miles
469,Heather Flores,333-14-3542,"95627 Russell Garden Suite 073
North Loganfurt, LA 01721",Y,miles
470,Crystal Hensley,184-31-6274,"276 Phillip Turnpike Suite 791
North Christopher, OH 91877",Y,miles
471,Tammy Smith,804-43-1911,"543 Anita Square
Pearsontown, AK 64400",N,hours
472,Amanda Smith,828-74-2034,"7195 Brian Tunnel Apt. 805
Juliaburgh, MA 64028",N,hours
473,Deborah Clark,553-09-2484,"916 Lisa Square
Tylerburgh, AS 11420",N,hours
474,Desiree Bennett,403-17-4474,"02735 Thompson Drive
Jameshaven, KY 22174",N,hours
475,Carl Hall,864-28-1533,"2250 Gillespie Coves Apt. 251
Jamesshire, AR 17736",Y,hours
476,Randall Johnson,352-05-5444,"1345 Hartman Court Suite 843
West Victoriashire, IL 84501",N,hours
477,Brittany Moran,378-07-1549,"942 Spence Dam Apt. 226
Annside, FL 26788",N,hours
478,Mariah Jones,011-08-5337,"9691 Gordon Prairie Apt. 177
Lake Amandabury, OK 07018",N,hours
479,Sarah Schneider,513-14-7314,"1920 Crawford Springs
Stevenbury, PR 16744",N,miles
480,Adam Collins,522-99-9480,"301 Johnson Motorway Apt. 009
Brownborough, SD 27782",N,miles
481,Alison Horne,086-03-5932,"6474 Katherine Ford
Lake Carrie, GA 11230",N,miles
482,Alyssa Kelley,751-74-8708,"91056 David Inlet Apt. 576
North Helen, OH 49445",Y,miles
483,Russell Hamilton,828-22-4177,"57875 Thomas Groves
Erikshire, CA 05935",Y,hours
484,Jason Fowler,727-08-2031,"41654 Charles Ford Suite 134
West Dwayne, AR 90506",N,hours
485,Gina Nicholson,154-66-0813,"PSC 2895, Box 9686
APO AP 00997",N,miles
486,Kenneth Colon,459-05-4881,"9145 Mckenzie Street Apt. 432
New Megan, OK 86867",N,miles
487,Penny Simpson,387-33-7817,"91385 Douglas Ports Apt. 076
Ramirezfort, RI 81468",Y,hours
488,Victor Brown,528-30-8251,"955 Brewer Circles
West Deborah, VI 31941",Y,miles
489,Nathan Medina,102-67-4968,"98178 Amy Locks
Lake Jose, ND 81242",N,miles
490,Taylor Dawson,561-90-3971,"Unit 6666 Box 6345
DPO AE 14105",Y,miles
491,Penny Watkins,169-98-3526,"USCGC Smith
FPO AA 10077",Y,miles
492,John Hernandez,312-93-9199,"315 Myers Neck Apt. 260
New Joshua, MO 39153",N,miles
493,Matthew Allen,021-41-5373,"144 Jorge Land
New Nancymouth, NM 52086",Y,miles
494,James Guerrero,255-91-9816,"9718 Joseph Points Apt. 379
Lake Michelle, MN 06683",N,hours
495,Sabrina Perez,484-68-9410,"8020 Allen Bridge
West Heathershire, CO 53661",N,miles
496,Pamela Reese,595-86-0281,"0363 Daniel Lodge
Lake Samuelhaven, AR 58683",Y,hours
497,Robert Ingram,206-38-2698,"505 Felicia Pine
Stevensport, DC 76790",N,hours
498,Ms. Amy Jones DDS,885-46-3616,"85474 Cathy Causeway
North Joshuaberg, IL 46366",N,hours
499,Danielle Schmidt MD,871-44-0750,"3282 Arnold Stravenue Suite 362
Brittanyberg, UT 44985",N,hours
500,Allison Peck,189-24-5863,"360 Patrick Knolls
South Shannon, HI 96387",Y,miles
501,Colleen George,067-09-4475,"32193 Amber Roads
New Ashley, CT 11916",N,miles
502,David Newman,400-03-5394,"87316 Eric Mission Suite 916
South Jasonborough, PW 95030",N,miles
503,Kari Jackson,084-32-6033,"4095 Holly Ridge Apt. 790
Dakotatown, TX 90987",Y,hours
504,Sheila Weiss,289-27-2502,"442 Morris Knoll
Marktown, CT 10393",Y,miles
505,David Ball,667-46-1693,"740 Oneal Station
South Tiffanyhaven, DC 00913",Y,hours
506,Tyler Lucas,095-06-6721,"1515 Mills Pine Apt. 583
South Yvonne, VA 42330",N,miles
507,Shawn Garner,774-28-6789,"PSC 7152, Box 5967
APO AA 83986",N,miles
508,Vanessa Barnett,873-36-4357,"USCGC Rodriguez
FPO AA 39660",N,miles
509,Anne Ramirez,603-23-8316,"25030 Ruben Locks
West Megan, MI 32527",Y,hours
510,Steven Dodson,385-99-1596,"3070 Washington Alley Apt. 084
Evanshaven, AL 85803",Y,hours
511,Heather Jones,541-54-3660,"341 Mccall Bypass
Jamesview, KY 73346",N,miles
512,Danielle Wagner,541-49-5329,"9513 Allen Route
Sandersberg, ID 01665",N,hours
513,Megan Williams,565-21-0667,"0005 Wesley Turnpike Suite 806
Denisechester, MA 84058",N,miles
514,Jessica Yoder,281-43-6797,"279 Christopher Port Apt. 417
North Nataliestad, IA 13175",N,hours
515,Tina Moore,282-15-7141,"70290 Adkins Pass
Greenetown, OK 51646",Y,hours
516,James Fox,575-70-8482,"466 Silva Viaduct
North Keith, WV 77653",N,hours
517,John Ramsey,242-51-0975,"33991 Hester Fields Apt. 705
Port Joshua, CO 98708",N,miles
518,Peter Brown,777-09-7146,"3830 Williams Street Suite 109
Hallbury, FL 36565",N,miles
519,Latoya Cochran,476-56-6460,"61354 Jones Forges Suite 276
New Isabel, VT 93690",Y,miles
520,Sheila Meadows,190-83-9396,"98874 Moss Drive Suite 035
Princefort, CO 66635",Y,miles
521,Brenda Morales,885-68-9252,"936 Amy Well Apt. 238
Brownberg, NE 90511",Y,hours
522,Christina Duran,029-61-3650,"8231 Zamora Glens
Deborahmouth, NY 11871",N,hours
523,Tracy James,550-60-9820,"4390 Knight Brook Suite 182
Lake Melissaburgh, GU 07273",N,hours
524,Thomas Lowery,359-67-0106,"PSC 9723, Box 0910
APO AP 01040",N,miles
525,Sabrina Esparza,157-80-6368,"561 Conrad Trace Suite 326
Thomasville, AR 19164",N,hours
526,Kenneth Bates,533-62-2212,"167 Smith Gardens Suite 486
Jonathanside, TN 25924",Y,hours
527,Brenda Edwards,194-08-7009,"26304 Cummings Course Apt. 964
Port Christopher, IN 14950",N,miles
528,Andrea Morales,321-84-7597,"6604 Burns Stravenue Apt. 106
North Jessicaton, OH 16307",Y,hours
529,Kim Barton,188-52-2095,"PSC 3734, Box 8310
APO AE 62946",Y,hours
530,Lawrence Ballard,524-81-5738,"652 Grant Mount Suite 268
Troychester, KY 48161",Y,miles
531,Katherine Charles,115-83-4279,"PSC 0475, Box 8734
APO AP 90817",Y,miles
532,John Conner,884-21-1323,"220 Jones Knoll
West Amytown, NJ 08051",N,miles
533,Alejandra Lowe,620-42-5176,"2505 Cooper Falls Suite 869
Kaylastad, NY 26234",Y,miles
534,Adam Smith,504-12-1456,"6534 Moyer Ville
Alanport, WA 24697",N,hours
535,Emma Adams,331-38-4120,"574 Contreras View
South Kenneth, ID 13790",N,hours
536,Brandy Parrish,400-77-2294,"94660 Debra Ridge
Kleinhaven, OR 88325",Y,miles
537,Matthew Jones,423-65-0125,"507 Jackson Forks Apt. 929
Lake Amberborough, NC 42621",Y,hours
538,Jordan Turner,066-10-0955,"78413 Johnson Hills
Leahbury, KY 75619",N,hours
539,David Miles,778-02-8184,"PSC 8009, Box 8433
APO AP 94954",N,miles
540,Mark Mcmillan,339-24-7938,"PSC 2456, Box 2885
APO AE 96885",N,hours
541,Tiffany Rios,219-57-1127,"138 Howard Locks
Ashleymouth, MD 35464",N,miles
542,Ryan Johnson,267-46-6680,"299 Nichols Skyway
Jennaberg, VI 97285",Y,hours
543,Wesley Silva,555-88-2223,"0089 Torres Route Suite 870
East Nicole, TX 07320",N,hours
544,Paul Smith,348-59-8773,"38818 Carmen Walks Suite 678
East Steven, AZ 52714",Y,miles
545,Christopher Bender,440-86-0981,"4558 Andrew Roads Suite 827
Lake Anthonyborough, IL 79192",Y,hours
546,Daniel Smith,546-67-5865,"9069 Moore Corner
East Cherylchester, FL 70265",Y,hours
547,Pamela Bell,881-74-7536,"6645 Jimenez Walk Suite 508
East Dylan, UT 92700",Y,hours
548,Brenda Savage,380-53-0526,"16300 Martinez Lake
Diazbury, MP 46760",N,hours
549,Mr. Christopher Ramos,298-42-7666,"70674 Joshua Highway
North Erica, GA 95365",Y,miles
550,Elizabeth Sanchez,275-43-5568,"690 Stephanie Centers Apt. 944
Lake Scottburgh, ND 42313",Y,miles
551,Dennis Wilson,445-48-4470,"48434 Kenneth Mountains Suite 091
Joanneshire, AL 12562",N,hours
552,Rebecca Henderson,686-47-7945,"628 Marcus Villages Apt. 708
Port Tanya, NJ 84102",N,miles
553,Heather Cantrell,363-38-0449,"9355 Wesley Radial Apt. 229
Rogerport, DE 73949",N,miles
554,Nina Cooper,709-10-6368,"77479 Grant Curve
Gregview, ND 65734",Y,miles
555,Paul Johnson,036-89-6090,"87637 Avila Manors
Nathanmouth, MD 40129",N,hours
556,Melissa Goodman,436-16-9725,"USS Stevens
FPO AA 68364",N,miles
557,Danielle Acosta,377-19-6088,"2492 Brad Summit Apt. 829
East Natalieview, NV 58343",N,hours
558,Linda Singh,237-49-0941,"41122 Fowler Mountain
Hineston, MT 67465",Y,hours
559,Michael Green,054-45-4509,"7040 Chelsea Land
West Erichaven, VA 50815",N,miles
560,Monica Merritt,693-43-6246,"67122 Courtney Union Suite 697
Lake Leemouth, ID 89096",Y,hours
561,Brad Maxwell,683-26-2223,"137 Adams Forges Apt. 694
Port Lori, DE 14085",Y,miles
562,Joseph Price,380-79-3882,"027 White Islands Apt. 380
Ronaldton, UT 39929",N,miles
563,Shannon Ferguson,505-13-3494,"PSC 4588, Box 1430
APO AE 40849",N,hours
564,Bryce Wheeler,199-69-8332,"056 Christian Extensions
New Brittanyberg, FL 47509",Y,miles
565,Michael Wilson,589-72-1944,"USS Rodriguez
FPO AP 90949",Y,miles
566,Angela Rodriguez,499-47-4116,"USNV Walker
FPO AE 51951",N,miles
567,Amanda Compton,258-86-8223,"43878 John Dale Suite 274
Mclaughlinland, TX 60959",N,hours
568,Emily Brock,125-84-7539,"1507 Dustin Corners Apt. 823
Erikaberg, HI 10944",Y,hours
569,Joseph Chandler,760-14-1455,"216 Ortiz Trail
New Cindy, IN 51077",N,miles
570,Kelly Kennedy,233-05-4068,"507 Wolfe Station Apt. 692
New Jennifer, AR 40156",N,miles
571,Mitchell Hernandez,678-07-0388,"27178 Ronald Oval
Ericaville, IA 14078",N,hours
572,Terri Bryant,371-53-0552,"4508 King Mountains
East Carla, DC 21378",N,hours
573,Sherry Stephens,035-65-3853,"2285 Thomas Dam
Delacruzfurt, NH 60534",N,miles
574,Mr. Robert Campbell,709-87-1696,"861 Paul Camp Apt. 466
Phillipsburgh, MS 44478",Y,hours
575,Jennifer Sherman,171-38-9645,"00247 Barnett Ramp Apt. 605
Lake Nina, AL 82344",Y,miles
576,Denise Romero,782-64-5381,"PSC 6726, Box 4894
APO AA 75226",Y,hours
577,Holly Thompson,362-53-6131,"Unit 4631 Box 3047
DPO AE 20018",N,miles
578,Greg Graves,048-61-8122,"386 Valerie Rue Suite 539
Smithview, GA 03690",N,miles
579,Heather Crawford,773-29-4079,"813 Moore Hill Suite 722
New Michaelfort, IN 15044",Y,hours
580,Donald Ward,246-05-2170,"PSC 8700, Box 3134
APO AE 29329",N,hours
581,Bryce Brown,538-10-8449,"584 Nelson Orchard Apt. 847
Gordonfurt, ME 74720",N,miles
582,Jacob Baker,280-94-7810,"180 Deleon Tunnel Apt. 247
Zoeside, NH 74800",N,hours
583,Robert Steele,853-06-2564,"061 Henderson Cove Apt. 924
Lake Angelafurt, KS 41762",Y,hours
584,Elizabeth Acosta,735-65-1684,"035 Mary Drives
Christopherhaven, VT 57531",Y,hours
585,Victoria Ochoa,076-58-2396,"133 Dunn Highway
Stanleychester, PW 13667",N,hours
586,William Soto,716-44-2036,"4614 Taylor Run Apt. 984
Edwardsmouth, WA 72649",N,hours
587,Deborah White,428-34-1682,"PSC 2359, Box 1527
APO AP 02216",Y,hours
588,Latasha Moore,361-04-5332,"950 Travis Walks Suite 766
Mooremouth, FL 74097",Y,hours
589,Melissa Murray,157-24-8724,"545 Jennings Curve Apt. 784
Johnsonborough, AL 25476",Y,hours
590,Mario Suarez,850-74-4905,"Unit 5152 Box 2874
DPO AA 58683",Y,hours
591,Nicholas Richards,702-68-5497,"USNS Espinoza
FPO AP 68269",Y,miles
592,Joseph Farrell,583-37-7954,"85700 Dennis Gardens
New Troy, GU 97645",N,miles
593,Matthew Chan,739-25-7547,"905 Baker Mill
Burgessberg, RI 21422",Y,hours
594,Lisa Jones,114-85-7607,"5353 Brennan Way Suite 655
Hendersonberg, FM 16351",Y,hours
595,Anita Downs,484-50-4117,"08651 Taylor Plains
Aguirreview, AZ 05629",Y,miles
596,Sarah Combs,042-01-6389,"34562 Cooper Hill
Barbaraburgh, FM 76936",N,miles
597,Morgan Edwards,425-11-6943,"273 Abigail Bypass Suite 766
Morrischester, MP 93213",N,hours
598,Jennifer Horn,544-53-5606,"475 Elizabeth Run Apt. 739
Hessstad, NH 86122",Y,miles
599,Andrew Reyes,532-33-7761,"8079 Rodriguez Canyon
Heatherside, OH 08297",Y,hours
600,William Peters,008-37-8538,"04704 Ellis Turnpike Apt. 709
Monicafort, MH 38528",N,hours
601,David Hopkins,433-90-6034,"184 Michael Street Apt. 613
Wardport, MA 37295",Y,hours
602,Anthony Gutierrez,412-16-5400,"5751 Phillip Loop
Hendersonfort, SC 91290",Y,hours
603,Tamara Blair,208-81-5268,"940 Burch Corner Suite 453
West Bradleyside, UT 93776",N,miles
604,Jason Kaiser,820-22-5697,"568 Martinez Plains
East Patriciaville, AK 72814",N,hours
605,Nichole Carlson,362-78-3253,"41961 Rodriguez Mews Suite 129
Jamesfort, ND 73893",N,miles
606,Catherine Alvarado,272-32-1024,"84969 Williams Heights
West Kimberlyhaven, IL 11255",Y,hours
607,Joseph Morales,774-47-2036,"USNS Gilbert
FPO AP 00632",N,miles
608,Parker Morris,842-77-0450,"3367 Christopher Station Suite 120
East Austinberg, MD 24994",Y,hours
609,Heather Gray,412-01-0087,"906 Christopher Flats Apt. 266
Tylerport, SC 79876",Y,miles
610,Miranda Salazar,356-04-0868,"Unit 9802 Box 3680
DPO AA 84827",N,miles
611,Patricia Davis,624-79-0480,"8017 Adams Fork Apt. 191
East Kyle, PA 08292",Y,hours
612,Antonio Hernandez,639-85-3401,"053 Jamie Throughway
Williamsmouth, IL 21719",N,hours
613,Nathan Turner MD,623-29-2621,"468 Jones Valley
Kellychester, NY 02328",Y,hours
614,Stacey Vazquez,581-95-3703,"16292 Kara Mission Suite 479
Andrewport, WY 33661",N,miles
615,Catherine Terry,358-56-0635,"00978 Michael Motorway
North Angelatown, OR 17035",N,hours
616,Betty Harrell,657-86-7703,"325 Brock Drive Suite 378
Rileyborough, PR 37627",N,miles
617,Laura Green,748-53-0548,"235 James Mall Apt. 656
Goodmanborough, MO 40638",Y,miles
618,Matthew Jones,016-93-8439,"9308 Weeks Stravenue Apt. 228
Toddborough, CO 96677",N,hours
619,Leslie Jones,358-29-3058,"2962 Dyer Plains
Humphreyfurt, VA 07217",N,hours
620,Gavin Terry,725-58-3716,"52892 Andrew Trail Apt. 933
East Shelby, FL 43001",N,miles
621,Eric Roberts,082-29-4115,"4128 Rogers Landing Apt. 493
Brettville, PA 49271",Y,hours
622,Kelly Tucker,614-92-1196,"708 Trevor Avenue Suite 103
Brownstad, AR 74391",Y,hours
623,Michael Hughes,337-12-6892,"231 Michael Harbors Apt. 241
Bentleymouth, ME 79945",N,miles
624,Carol King,575-26-8273,"135 Thomas Pine
South Daniel, WV 22207",N,miles
625,James West,178-40-6951,"80283 Mcclain Locks Suite 888
Riveraberg, MS 61246",N,miles
626,Denise Taylor,629-22-3740,"1430 Alexis Court
Pittmanville, FL 49464",N,miles
627,Russell Stanley,370-84-8423,"916 Rachel Coves
Jonathanside, OH 25877",N,hours
628,Angela Little,004-18-9670,"3818 William Dam
North Melissa, WV 71332",N,miles
629,Michele Dougherty,494-01-5917,"425 Campbell Ridges Apt. 760
North Sherry, KY 97520",Y,miles
630,William Walker,125-53-0895,"6105 Hines Summit Suite 624
Foxberg, MN 68852",N,hours
631,Terry Wright,701-59-9229,"92904 Petty Court Suite 224
Rodriguezland, PW 58739",N,hours
632,Debbie Henson,782-47-7987,"PSC 9706, Box 2397
APO AP 32390",Y,hours
633,Megan Powell,431-62-3999,"866 Mark Forge Suite 208
Melissatown, WY 76712",Y,hours
634,Thomas Roy,108-25-9427,"910 Mccoy Ridge Apt. 049
West Brandonhaven, AS 72935",Y,miles
635,Jessica Richards,388-94-0305,"08458 Richard Corners Suite 376
New Jillburgh, UT 44003",N,hours
636,Ashlee Barron,661-36-3738,"116 Evelyn Estate
North Madison, TN 96170",Y,hours
637,Bryan Gilbert,768-75-1141,"52110 Jones Trafficway Suite 763
New Kyle, OK 77540",N,miles
638,Jodi Mccullough,223-14-7843,"3242 Stephen Expressway
South Molly, NY 88679",Y,miles
639,Derek Miranda,782-86-4661,"72206 Erickson Mountains
Dawnshire, FM 14950",Y,hours
640,Michael Rogers,503-21-8306,"8031 Sullivan Corners Apt. 003
Hinestown, VA 07592",N,hours
641,Terry Thompson,267-14-5903,"05532 Sutton Harbors Apt. 377
Adrianatown, VI 47811",N,miles
642,Alexander Torres,259-32-9723,"4423 Evans Motorway Suite 063
Port Rebeccastad, IN 75742",N,miles
643,Kenneth Smith,501-21-6037,"84285 Jorge Pines Apt. 553
Booneburgh, ND 87594",Y,hours
644,Cindy Bennett,206-63-1891,"5249 Carmen Keys Suite 238
Brandonshire, WI 81823",Y,miles
645,Tina Mcintyre,418-99-3385,"102 Smith Station Suite 238
Wilsonfort, GU 11020",Y,hours
646,Kara Brown,574-29-2499,"2135 Lauren Mount Suite 188
Sanderston, NC 01801",Y,miles
647,Teresa Santiago,228-94-9220,"USNV Ramos
FPO AA 32741",Y,hours
648,Julie Castro,167-96-9290,"934 Tran Inlet Apt. 892
South Dawn, IL 95218",N,miles
649,Arthur Craig,559-70-5827,"808 Linda Club
Juanfort, LA 90006",N,hours
650,Bobby Smith,323-77-1186,"133 Romero Gardens
Port Carlyport, VA 29945",Y,miles
651,Shannon Nelson,578-17-7760,"9132 Amy Road Apt. 713
Lake Linda, NC 02086",Y,miles
652,Dr. Robert Murray Jr.,405-27-5098,"0042 Willis Port Suite 957
Lake Katieville, MI 03510",Y,hours
653,Tony Jones,370-03-4193,"2989 Christopher Mountains
East Ann, MD 18719",Y,hours
654,Kenneth Reid,819-05-7674,"762 Lawson Glen
South Heidi, VI 80329",N,miles
655,Joseph Campbell,300-12-9021,"2036 Chase Mount Suite 528
Roberthaven, TX 82963",Y,miles
656,Heather Johnson,083-49-2066,"095 Booth Drive Apt. 032
Jamestown, AR 31419",N,hours
657,Madison Larson,636-83-6005,"7236 Mendoza Garden Apt. 996
Shortmouth, IA 05677",N,hours
658,Elizabeth Ellison,444-08-6592,"91486 Nguyen Ramp
Jessicabury, AR 86354",Y,miles
659,Christopher Brewer,481-06-2986,"0908 Francis Extensions
West Monique, MA 18916",N,miles
660,Claudia Bass,199-73-8927,"2758 Ellis Mount
Victorburgh, UT 14940",N,miles
661,Janet Brown,803-42-9165,"02100 Tanner Pine
Wrightview, AZ 73552",N,hours
662,Andrew Moore,713-84-9572,"58267 Barker Underpass Suite 717
Christensenfurt, IA 36967",N,hours
663,David Larsen,458-43-0036,"090 Rosario Divide
Port Yvette, CA 64596",N,hours
664,Linda Miller,125-85-9594,"PSC 7606, Box 8093
APO AA 90311",Y,miles
665,Mark Hill,795-34-2471,"0767 Garcia Junctions Suite 122
Tracimouth, NY 27655",Y,hours
666,Jacqueline Mcmahon,102-73-5669,"6382 Brian Valley Suite 861
Jasminetown, AR 45328",N,miles
667,Laura Marquez,290-89-7718,"393 Griffith Lock
Barryshire, PW 48287",N,miles
668,Justin Robinson,551-68-5843,"9110 Crystal Mills
Robertsstad, NV 29982",Y,hours
669,Rachel Powell,003-45-9301,"2037 Kim Center
Wilsonmouth, KS 14190",N,hours
670,Dylan Ross,062-62-3692,"3930 Jennifer Village Apt. 423
Meganfurt, AL 88015",Y,hours
671,Nicole Juarez,631-86-1753,"6377 Tamara Ferry Apt. 172
Jamesport, WY 71900",N,hours
672,Nancy Cabrera,440-56-5862,"14907 Eric Crest
Lisamouth, MS 51117",Y,miles
673,Michelle Collins,288-39-6392,"2438 Carol Manor
New Jamie, MI 16947",N,miles
674,Morgan Hawkins,565-54-8910,"3321 Mcdonald Course Suite 341
South Gregorystad, CA 13112",N,miles
675,Stephanie Green,823-83-4176,"2246 Young Crossroad Suite 505
Tammyborough, OR 81714",Y,hours
676,Denise Collins,004-75-5389,"694 Kenneth Ford
Lake Darleneland, KY 50104",Y,hours
677,Jordan Thomas,538-97-6995,"709 Hoffman Park
New Kelseyview, NJ 04352",Y,hours
678,Joyce Walsh,109-08-8104,"63140 Wallace Islands Suite 587
East Amberfurt, NC 35606",N,miles
679,Eric Duncan,772-40-0006,"59816 Amanda Fall
East Matthewhaven, MT 21135",N,hours
680,Danielle Hughes,789-28-3331,"5181 Jacobs Key Suite 315
Douglasstad, AR 08573",Y,miles
681,Sara Phillips,684-02-8575,"62488 Gabriel Heights
Griffinport, NC 92336",N,miles
682,Alicia Nguyen PhD,438-30-7605,"565 Anderson Points Apt. 797
Jonesfurt, VI 45395",Y,hours
683,Christopher Johnson,063-52-4964,"857 Jessica Row Apt. 380
Davidton, HI 01646",Y,miles
684,Lauren Evans,243-64-9939,"99290 Miles Estate Apt. 342
Maryville, MA 52957",Y,hours
685,Brenda Edwards,076-67-9638,"960 Potter Rue
Melanieberg, VI 07815",Y,miles
686,Michael Nunez DDS,856-75-5120,"67972 Thomas Mountain Suite 181
Kathrynhaven, FL 94463",Y,miles
687,Robin Davis,476-05-6554,"2189 Vargas Vista
New Amandachester, MO 87554",Y,miles
688,Kenneth Doyle,550-82-0749,"USNV Bruce
FPO AE 23253",N,hours
689,Shelby Blevins,607-49-5194,"541 Steven Track
Port Robert, IL 16781",N,miles
690,Caitlin Peck,288-67-9514,"233 Jessica Fork Apt. 618
Stefanietown, GA 14395",Y,hours
691,Debbie Reynolds,693-77-7337,"89114 Gray Drives
Benjaminview, OK 05903",Y,hours
692,April Green,720-84-7375,"194 Fox Drives Suite 483
Knappville, MN 76515",Y,hours
693,Shelly Macdonald,075-33-1442,"058 Diane Burgs
Wintersland, MI 73583",Y,hours
694,Matthew Davis,710-31-8595,"931 James Port
Angelaside, CA 93764",Y,hours
695,Alexandra Jones,341-08-2470,"Unit 0730 Box 8206
DPO AA 84295",Y,miles
696,Stephanie Bell,552-69-6934,"287 Emily Corners Apt. 999
Christinestad, PA 67152",N,miles
697,Carolyn Winters,216-22-0221,"71305 John Villages Suite 574
Clarkburgh, MN 88456",N,hours
698,Paul Reed,745-88-6991,"80258 Kenneth Shores
Manntown, AK 25346",Y,miles
699,Shari Christian,569-18-7259,"3641 Mcintyre Trace
North Stephenport, LA 79469",Y,miles
700,Ricardo Rodriguez,815-24-3873,"5047 Delgado Crescent
East Tiffany, NV 81389",N,miles
701,Kirk Hamilton,485-19-1630,"13918 Rodriguez Glen
Port Cory, GU 04123",Y,miles
702,Bryan Livingston,243-27-3399,"0502 Jones Extensions
Christopherville, AL 24330",N,miles
703,Thomas Prince,857-87-8362,"636 Mark Station Suite 597
West Joyborough, MA 48279",N,hours
704,Michele Chandler,063-05-7048,"8456 Andrew Mission Apt. 223
North Richardbury, IL 27174",Y,hours
705,Mary Kennedy,023-01-9427,"4556 Richardson Fords
Newmantown, CT 93929",N,miles
706,Alicia Erickson,709-66-0628,"2282 Chelsea Shore
Lake Joanna, AS 18194",N,miles
707,Reginald Harris,503-88-5361,"02149 Mcclain Turnpike
Leechester, DC 94035",Y,hours
708,Jo Carter,496-42-8919,"2945 Gerald Fall Suite 506
Nicholaschester, RI 26064",N,miles
709,Amanda Butler,030-79-4908,"4097 Larry Lodge
East Deborahburgh, CO 83355",Y,hours
710,Terri Johnson,149-85-3942,"384 Christina Neck
New Mark, AR 30519",N,hours
711,Billy Jackson,124-01-2170,"45338 Sandoval Estates
Michellestad, ID 53782",N,miles
712,Luis Smith,366-84-8818,"780 Cindy Centers
New Jamesshire, KS 90990",N,miles
713,Sandra Camacho,784-68-6015,"36027 Brown Neck Apt. 242
Samuelstad, GU 43346",Y,miles
714,Leah Thompson,409-39-7425,"29814 Melissa Turnpike
East Jeffreyborough, MH 45061",Y,hours
715,Brian Moore,573-63-5121,"973 Powell Place Suite 300
New Christown, IN 44829",N,hours
716,David Martin,753-28-7830,"32022 Colin Dale
Edwardville, GU 26232",Y,miles
717,Paige Chambers,597-86-6490,"15369 Isabel Station
New Danastad, MO 29350",N,miles
718,Kimberly Boone,284-85-2292,"963 Sherri Plaza
Anaside, AL 57298",Y,miles
719,Whitney Manning,763-65-9633,"10863 Howell Camp
Andrewmouth, MO 78946",N,miles
720,Christopher Carroll,693-42-1948,"45699 Jason Union Apt. 658
Aguilarmouth, OK 44214",Y,miles
721,Antonio Hampton,860-61-4420,"640 Jason Lane
East Davidview, WV 22048",N,hours
722,Pamela Hicks,377-71-1567,"05505 May View Apt. 782
East Hunterport, IL 43491",N,miles
723,Courtney Mack,583-40-6134,"USNS Craig
FPO AE 69746",Y,miles
724,Amy Powell,477-96-0612,"271 Jason Greens Apt. 477
North Marissa, PR 71518",Y,miles
725,Heather Allen,486-24-8313,"51016 Fernandez Inlet Apt. 097
Palmerville, MP 51994",N,hours
726,Mark Miller,053-86-3603,"73590 Michael Cove Apt. 542
Kennethburgh, AS 68806",Y,miles
727,William Thompson,507-68-0282,"74619 Matthew Trafficway Suite 870
Javiertown, GU 58675",N,miles
728,James Garcia,356-78-6681,"34738 Christopher Villages Suite 403
Markshire, VI 97086",Y,hours
729,Charles Willis,752-10-9730,"5467 Hurst Cliff
Markport, ND 48467",N,hours
730,Nichole Brooks,306-51-0962,"28072 Ann Keys
New Scotttown, ID 74211",N,miles
731,Karen Foster,370-15-7265,"01521 Lisa Radial
Abigailland, VT 62923",N,hours
732,Tammy White,187-78-5420,"67932 Allison Port Suite 537
East Debrabury, WY 92912",Y,hours
733,Christopher Nelson,778-69-2228,"48570 Bryant Club Apt. 897
North Dylanburgh, UT 88852",Y,miles
734,James Miller,361-35-1707,"3126 Angela Radial Apt. 195
South Michael, FM 74439",N,miles
735,Cynthia Perkins,803-92-6200,"PSC 7534, Box 0581
APO AA 38516",N,hours
736,Nicole Johnson,122-43-8800,"6453 John Roads
Jasonhaven, IL 94790",Y,hours
737,Sean Patrick,302-93-5729,"6139 Tracy Fork Suite 796
Ramirezton, TN 05190",N,miles
738,Johnny White,252-05-6893,"PSC 7479, Box 5038
APO AP 94077",Y,hours
739,Timothy Hernandez,454-67-9845,"5015 Higgins Canyon
Port Isabellachester, OK 85825",N,miles
740,Erika Jones,455-71-3168,"28104 Juarez Ridges
Carloschester, CO 41368",Y,hours
741,Gregory Gardner,296-64-0044,"97726 Jason Cliff Suite 068
Ortegaberg, CA 95129",Y,miles
742,Susan Burnett,264-42-2528,"85911 Floyd Spring
West Michaelton, MP 50532",Y,hours
743,Matthew Garrett,124-03-2117,"99603 Alexander Mountain
East Brian, DE 82828",N,hours
744,Betty Webster,604-94-4555,"58182 Ortiz Parks Apt. 781
Lake Jordanburgh, RI 50030",Y,miles
745,Bryan Lee,549-54-0836,"USNS Walker
FPO AA 81766",N,miles
746,Rachel Andrews,691-33-0311,"480 Dyer Island
Patrickhaven, PA 91297",N,miles
747,Rebecca Hines,779-28-0426,"83053 Taylor Corners Suite 303
South Austinville, MD 44928",Y,hours
748,Stacey Mcdaniel,667-11-7990,"75660 Katherine Inlet Suite 207
Christopherfurt, VI 16104",N,miles
749,Becky Brown,125-01-3579,"1533 Kimberly Land
Ericamouth, MN 10449",N,hours
750,Vincent Carey,054-92-7402,"7450 Mark Gardens Apt. 146
Maryberg, AK 47004",N,hours
751,Mary Colon,767-46-3940,"47760 Barbara Square
Port James, HI 79737",N,hours
752,Nathan Moore,677-68-2372,"92789 Jason Oval
North Gloria, CT 82495",N,hours
753,Jennifer Lloyd,389-03-9593,"034 Stewart Station Apt. 467
East Vincent, OR 52147",N,hours
754,Rachael Acosta,792-41-9909,"Unit 3001 Box 8374
DPO AA 80603",Y,hours
755,Elizabeth Dorsey,209-77-6734,"0460 Taylor Land Apt. 854
New Jamesland, WI 38458",Y,miles
756,Marco Chan,738-53-8778,"00372 Haynes Cape Apt. 305
South Makayla, MS 43617",N,hours
757,Nicole Hall,632-25-6151,"64407 Jeffrey Falls
Monroeburgh, GU 15594",N,hours
758,Joshua Sanchez,335-81-3123,"8884 Garner Forge
Garciaside, GU 75726",N,hours
759,Lisa Robinson,511-37-0341,"7732 Jessica Estate
West Dustinhaven, MA 54090",N,miles
760,Gary Coleman,595-97-2386,"212 Diane Extensions
Serranotown, AL 11743",N,miles
761,Nicholas Rasmussen,885-74-3330,"659 Teresa Knoll
Andrewland, AS 38962",Y,miles
762,Jeffrey Smith,282-11-8258,"26174 Scott Wells
Lake Tracymouth, AK 27956",N,hours
763,Debbie Tate,687-83-2084,"31266 Angela Stravenue Suite 775
Richardsonside, CT 63254",N,hours
764,Bradley Bentley,097-23-7108,"28987 Harrison Fork Apt. 546
Grayview, ME 10560",Y,hours
765,Russell Pham,361-42-2410,"04829 William Street
New Shannon, NH 77067",N,miles
766,Edwin Ellis,470-77-6401,"998 Robert Via Apt. 406
Riceton, FL 26840",N,hours
767,Devon Lopez,268-23-9490,"026 Rogers Streets Suite 674
West Mark, UT 34092",N,miles
768,Daniel Hall,052-98-3247,"3745 Cole Garden
South Logantown, NM 71395",N,miles
769,Dennis Monroe,317-72-3914,"27314 Keith Mill
West Stevenbury, MI 97393",Y,miles
770,Charles Hanson,629-41-1492,"217 Delgado Heights Suite 079
West Bradleyland, NM 33425",N,miles
771,Bradley Taylor,723-19-8974,"6741 Darrell Harbor Suite 649
East Arthur, KS 22827",N,miles
772,Ryan Moon,097-86-2183,"0227 David Causeway
North Mary, MN 58217",N,miles
773,Dr. Dawn Bowen,471-26-9949,"918 Stuart Trafficway Apt. 912
New Michaelport, IL 85648",Y,miles
774,Rebecca Cook,339-84-8452,"3925 Angela Trafficway Apt. 924
Charlesburgh, TX 84349",N,miles
775,Janet Porter,128-16-3021,"8258 Brooks Motorway Suite 733
Lake Leeborough, NJ 15319",Y,miles
776,Jonathan Norman,148-61-8381,"9312 Christopher Loaf Suite 207
East Heather, FL 14420",Y,hours
777,Tracy Anderson,578-30-9242,"PSC 1261, Box 3902
APO AP 21858",Y,miles
778,Cody Peterson,138-51-8502,"43492 Jessica Well Apt. 509
Martinstad, NH 96797",Y,miles
779,Lindsey Williams,721-48-3664,"3677 Johnson Flats Suite 922
West Leahshire, MH 46185",N,hours
780,Derek White,368-13-1463,"865 Esparza Club Apt. 075
Kurtmouth, KY 03766",N,miles
781,Joshua Villegas,584-08-8069,"610 Boyd Bypass Apt. 999
Lake Michelle, TN 89460",Y,hours
782,Sherri Turner,362-78-6932,"73697 Ashley Divide Suite 705
Collinsside, VA 31445",N,hours
783,Kimberly Davis,832-60-7017,"84555 Emily Run Apt. 361
South Marilyn, KY 61303",N,miles
784,Eric Lee,750-19-2502,"01169 Owens Summit
Rossshire, ND 58975",Y,hours
785,Andrew Jones,313-73-1637,"86624 Nixon Dale
Martinport, TX 33495",N,hours
786,Alexander Smith,862-37-7609,"56673 Frye Locks
East Rebecca, NJ 52057",N,miles
787,Edward Dawson,472-19-5820,"898 Anthony Plain
East Alexistown, NC 29006",Y,miles
788,Theodore Nash,137-28-0261,"287 Amy Inlet
Port Joshua, PR 21988",Y,miles
789,Christopher Schmidt,852-49-9520,"8441 Carroll Alley Apt. 215
Port Lauren, MN 72428",N,miles
790,Paul Ryan,681-89-7013,"422 Day Underpass Suite 632
Brandontown, VI 89439",Y,miles
791,Jonathan Hinton,664-55-3585,"0958 Casey Throughway
Marissatown, CA 78692",N,hours
792,Brenda Lopez,083-59-5471,"Unit 5811 Box 2771
DPO AA 33264",N,miles
793,Luis Mayer,655-28-4979,"8181 Mcneil Center
Natalieborough, OK 53132",N,hours
794,Carrie Fowler,682-71-0259,"06349 Long Parks
Cynthiahaven, VT 54941",N,hours
795,Diana Moreno,309-21-4246,"3191 Anita Grove Suite 279
Eduardochester, DC 95742",N,miles
796,Jennifer Little,167-34-7592,"03892 Gomez Corner Suite 253
Tammyton, MP 63982",N,hours
797,Philip Carter,231-95-1760,"Unit 5519 Box 0638
DPO AP 50051",Y,miles
798,Jessica Ferguson,002-73-9728,"043 Smith Shoal Apt. 839
Lisaton, GU 58934",N,hours
799,Felicia Valentine,852-28-6168,"176 Henry Way
North Marialand, MH 34625",Y,miles
800,Andrea Simpson,889-41-9701,"494 Lauren Islands
Duncanfurt, OH 31784",Y,hours
801,Sue Jenkins,716-68-7714,"5063 Cory Glens
Port Gregory, IA 50744",Y,hours
802,Michael Ross,825-78-3226,"7562 Laura Burg Suite 499
Browningbury, NH 90658",N,hours
803,Tammy Allen,039-78-7000,"589 White Walk
Gallowayland, TN 06074",N,miles
804,Carolyn Castillo,651-96-8825,"0542 Patterson Haven
Lake Victoria, KS 24046",Y,hours
805,Brenda Williams,724-59-3028,"1376 Singh Ridge
West Matthewmouth, RI 84224",N,miles
806,Jose Johnson,180-43-7510,"7073 Alexander Lock
Ramosville, MT 20003",N,miles
807,Jenny White,544-11-0146,"PSC 4541, Box 7429
APO AP 12776",N,miles
808,Christina Griffin,003-61-6254,"9109 Elizabeth Flats Suite 647
New Thomas, SC 90885",Y,hours
809,Nicholas Brewer,043-77-2894,"5065 Jessica Vista Suite 091
Kellyland, WI 69830",N,hours
810,John Carroll,149-41-3783,"03775 Geoffrey Station Apt. 499
Port Cindy, NH 36948",N,hours
811,Victoria Rodriguez,222-40-0473,"417 Donald Ports Suite 381
Josephchester, SC 33718",N,miles
812,Renee Bell,628-73-4682,"6923 Durham Island Apt. 942
South Tammy, MN 52675",Y,miles
813,Tim Williams,539-69-3158,"989 Smith Lane Suite 491
Lake Troy, GA 87965",Y,hours
814,Mark Hogan,272-42-2159,"800 Weber Club Suite 884
West Paige, NJ 44347",N,miles
815,Donna Booker,321-02-6613,"07494 Edwin Path Suite 986
East Robertfort, MS 33222",N,miles
816,Stephanie Bright,199-47-0792,"65443 Coleman Islands
New Jimmyview, WI 77534",Y,miles
817,Marilyn Anderson,662-94-4678,"282 Wheeler Grove
North Markfort, CT 82025",N,hours
818,Amy Carter,619-64-6541,"PSC 4710, Box 3503
APO AP 23073",Y,hours
819,Kimberly Oliver,079-36-3598,"8880 Austin Fork Apt. 569
Krauseburgh, NE 77079",Y,miles
820,Benjamin Arroyo,703-55-6530,"USNS Hanson
FPO AE 93984",N,hours
821,Julie Richardson,728-02-4974,"913 Leonard Extension
Myersborough, MH 91779",Y,hours
822,Billy Jordan,327-95-3785,"2289 Cox Union Suite 609
South Joshuamouth, MT 31661",N,miles
823,Kim Welch,734-04-9528,"974 Michaela Passage
Michaelland, MP 08702",Y,miles
824,Sandra Garrett,162-72-6540,"282 Williams Orchard Suite 185
Port Kaitlin, NV 72952",N,hours
825,Tiffany Dyer,818-54-4654,"342 Drew Pines Suite 505
East Jennifermouth, NM 07001",Y,hours
826,Kara Snyder,747-19-1807,"Unit 1855 Box 9574
DPO AP 36910",Y,hours
827,Jesse Howell,117-64-1541,"297 Cory Trail
Nicoleshire, MS 96241",N,miles
828,Francisco Stewart,297-16-9885,"72343 Orozco Unions Apt. 337
Traceyton, IN 13152",Y,miles
829,Kimberly Robinson,598-64-0501,"992 Miller Glens
Crawfordview, GA 43063",N,hours
830,Patrick Fisher,474-02-5829,"97959 Bob Station
Andersonberg, HI 34537",Y,hours
831,Jorge Thompson,849-64-3019,"07201 John Wells
Mccoyfort, OH 16818",N,miles
832,Robert Boyd,793-26-0687,"8427 Elizabeth Ferry
Victoriatown, VI 73061",Y,hours
833,Tammy Morrison,681-60-8162,"15739 Fisher Vista
East Shannonville, MS 73125",N,miles
834,Terry Woods,872-38-5945,"1802 Renee Bridge
Adamsmouth, CT 65902",N,miles
835,Anthony Rice,632-82-2175,"8800 Raymond Crescent
North Jennifer, CT 42393",Y,miles
836,Patricia Hoover,765-23-4715,"35369 Clark Orchard Suite 150
Turnerport, DE 49464",N,miles
837,Sherry Mitchell,273-52-0047,"58308 Bartlett Meadows Suite 355
Port Kayla, WV 17291",Y,hours
838,Michael Mosley,744-41-2817,"8691 Harris Fords Suite 524
West Robertfurt, MP 46911",N,miles
839,Angela Coleman,444-83-0613,"PSC 5935, Box 3042
APO AP 29636",N,miles
840,Helen Wilkinson,182-73-2378,"30751 Little Villages
Huffmanborough, IN 83367",N,miles
841,Anne Roberts,238-69-0403,"514 Jennifer Rest Suite 052
Alexanderberg, KS 90985",Y,miles
842,Dustin Golden,195-41-3272,"Unit 7101 Box 9661
DPO AE 91224",Y,miles
843,Jesse Morgan,866-64-6274,"57712 Bell Radial
Hillhaven, WY 39225",N,miles
844,Russell Murray,366-91-3543,"2146 Matthew Route
North Alexanderland, PR 97755",N,hours
845,Leah Nelson,105-01-6615,"8009 Taylor Summit Apt. 318
South David, MI 16108",Y,miles
846,Cindy Henry,274-70-1804,"08188 Strong Forest
Lake Sarahborough, CA 49541",Y,miles
847,Carrie Charles,675-71-4849,"87624 Vasquez Unions
Adrianfurt, ME 85574",N,miles
848,Anna Rivera,380-64-1945,"4936 Alexandria Lane Suite 968
Lake Staceychester, MP 54147",Y,miles
849,Nicholas Warren,596-67-3650,"Unit 8309 Box 1196
DPO AA 01208",Y,miles
850,Holly Dennis,010-18-2098,"9096 Mark Avenue
Carolynton, AK 76652",Y,miles
851,Kelsey Harrison,126-10-4134,"86676 Ford Curve Apt. 849
Port Lisa, PA 74489",N,hours
852,Elizabeth Trujillo,823-93-0075,"6626 Turner Tunnel
South Ashleyborough, KY 52625",Y,miles
853,Megan Wilson,683-85-3673,"8598 Johnson Rest Suite 829
Shannonbury, LA 33667",Y,miles
854,Morgan Carter,770-20-6019,"40177 Fernando Port Suite 625
West Michael, PW 60343",N,hours
855,Thomas Lindsey,071-17-8362,"753 Andrew Corners
Brittanyview, WV 12027",Y,hours
856,Bradley Heath,466-12-1342,"85916 Martin Port
South Jeremyland, AR 51495",N,miles
857,David Wu,591-75-5444,"4793 Gloria Estate Apt. 436
New Jason, WI 17752",Y,miles
858,Wendy Brewer,306-87-2795,"61869 Emily Ferry
Lake Maryport, CT 55999",N,hours
859,Natalie Martinez,892-81-3909,"24432 Karen Via Suite 728
North Brianberg, VT 46764",N,hours
860,Robert Rosales,352-98-2664,"6158 James Fields
Benjaminville, AZ 12773",Y,hours
861,Eduardo Roberts,521-06-7626,"8574 Davis Lakes
East Alexander, CO 10679",N,hours
862,Teresa Bautista DVM,221-95-5437,"USCGC Davis
FPO AP 91198",Y,hours
863,Sherry Williams,113-75-9615,"754 Kevin Village
Robertview, VA 81317",N,hours
864,George Hall,310-71-4567,"810 Holland Views Apt. 998
Lopezshire, CT 93304",Y,hours
865,William Figueroa,561-25-4214,"035 Peterson Rapid
North Paulburgh, IA 40038",Y,miles
866,Amanda Hernandez,226-05-7489,"58226 Angela Crossing
Port Sheila, WI 45411",Y,hours
867,Nicole Morrow,376-93-3184,"9524 Morales Villages
Lake Amanda, GU 11320",N,miles
868,Valerie Copeland,856-86-1403,"581 Hansen Pass
South Richard, LA 15625",N,hours
869,Michelle Pierce,605-40-0232,"580 Barton Port Suite 673
West Lisaton, OK 74235",N,hours
870,Kevin Johnson,464-57-5242,"9771 Joseph Ferry Apt. 325
Garnerchester, AS 18734",N,miles
871,Ryan Gray,319-89-4552,"2391 Paula Row Suite 316
East Matthew, IL 24149",N,miles
872,Joseph Edwards,614-72-3769,"8461 Hartman Street
Christinaborough, SC 63294",N,miles
873,Mitchell Marks,612-03-0147,"62401 Mercado Haven Apt. 210
East Jose, NH 15533",N,miles
874,Alexandra Smith,090-92-3270,"USNS James
FPO AA 80720",Y,miles
875,Alicia Parker,092-51-1850,"55061 Watson Mountains
New Charlesfort, PR 78950",Y,miles
876,Tonya Gallegos,527-44-5074,"3262 Moon Avenue
North Gloria, AK 52536",N,miles
877,Margaret Clark,335-76-2084,"764 Ball Views
Browntown, MD 45307",N,hours
878,Jacob Wilson,102-29-5800,"17306 Brittney Turnpike
New Dianeberg, AS 84033",N,miles
879,Walter Clark,443-17-6834,"397 Carmen Glens
Bonnieville, NM 20854",N,miles
880,Kelly Bryant,186-38-0425,"760 Kimberly Summit
Elizabethchester, IL 49826",N,hours
881,Kristen Wu,500-19-7214,"PSC 7772, Box 5824
APO AE 38948",N,hours
882,Brandon Anderson,456-05-4873,"670 Carroll Plain Apt. 601
New Anitachester, MP 74167",N,miles
883,Vickie Smith,808-61-7021,"34842 Obrien Views
East Andrew, ID 55363",N,hours
884,Ian Ferrell,339-85-6164,"061 Erica Village Apt. 425
Goldenmouth, IA 58253",N,miles
885,Leah Russell,818-68-1674,"74799 Harris Summit
Kochshire, IN 81987",N,miles
886,Jacob Gray,649-89-3403,"317 James Mount Apt. 214
New Gregoryberg, ME 05011",N,hours
887,Teresa Burnett,541-39-4917,"5886 Fisher Vista
South Cameronborough, MI 38878",N,hours
888,Christine Barnett,279-07-2163,"50991 Holland Center
Rodgersfort, MP 11796",Y,miles
889,Victoria Holt,715-33-5710,"387 Jeffrey Harbor
New Carolchester, NE 83971",Y,miles
890,Tony Vaughn,350-88-5549,"1398 Keller Avenue Suite 872
Robertport, GA 15932",Y,hours
891,Nathan Riddle,543-47-3672,"66683 Marsh Walks Apt. 764
Cynthialand, VA 34768",N,miles
892,Joseph Sanders,866-44-3588,"152 Christian Mews
West Eric, GU 98547",N,miles
893,Christopher Martin,382-32-1502,"79105 Myers Turnpike
Turnerfort, MI 10461",Y,miles
894,Teresa Farmer,371-58-2559,"13424 Randy Curve Apt. 416
Bishopborough, NY 13479",Y,miles
895,Ryan Morales,502-67-6877,"54766 Patrick Burgs Apt. 098
South Daniellefurt, KS 84150",Y,hours
896,Shawna Chambers,602-32-9893,"3152 Carol Plains
New Denise, MP 98487",N,miles
897,Shelly Bailey,153-92-3525,"USS Scott
FPO AA 98992",N,hours
898,Kevin Herrera,509-98-0606,"36201 Cynthia Gardens
Ericstad, SD 64710",Y,miles
899,Anthony Wallace,083-60-0352,"1029 Casey Cape
Port Kathyview, AZ 65145",Y,hours
900,James Wright,809-53-3534,"1188 Tamara Stream
Santosport, SC 88428",Y,hours
901,Tiffany Sanchez,681-47-5551,"10609 Clark Mountains
Seanburgh, NH 75922",Y,hours
902,Jasmine Zimmerman,723-39-6152,"5976 Lori Spurs Apt. 413
South David, RI 48576",N,hours
903,Colleen Odonnell,224-01-4551,"921 Donna Port Suite 755
Port Brian, KS 68324",Y,hours
904,Jaime Pena,797-75-2146,"Unit 4896 Box 4226
DPO AA 71683",N,hours
905,Rachel Huff,350-59-8771,"230 Jeffery Shore Apt. 001
Kimberlyburgh, AL 15653",N,miles
906,Shannon Hanna,256-14-9092,"34194 Murray Way
Port Brandon, VI 22028",N,miles
907,Albert Davis,404-63-8383,"Unit 1431 Box 1354
DPO AP 41239",N,miles
908,Vanessa Hunt,728-93-9128,"1329 Shepard Track Suite 717
North Mark, NH 99924",N,miles
909,Katie Mills MD,285-98-3354,"706 Carr Crest
East Sierraport, OK 18160",Y,hours
910,Barbara Hayden,351-90-2357,"384 Heidi Key
Rosestad, SC 35040",N,miles
911,Susan Lawson,541-82-6833,"9133 Allen Port
Fosterport, OH 56749",Y,hours
912,Brandon Williams,019-40-7889,"6960 Gilmore Landing
New Dwayne, OK 82114",N,hours
913,Devin Ortiz,322-45-7204,"746 Williams Dale Apt. 225
North Jacob, TN 82320",N,hours
914,Ms. Sharon Nelson PhD,626-32-1835,"Unit 4454 Box 5503
DPO AA 77004",N,hours
915,Tyler Walker,508-39-3223,"USS Taylor
FPO AP 80584",Y,hours
916,Danielle Williams,335-28-3984,"0298 Thompson Views Apt. 150
Lake John, FM 60160",N,hours
917,Kara Hale,218-60-2609,"37750 Travis Drive Apt. 720
Larrymouth, PW 17418",Y,miles
918,Jessica Stevenson,453-23-8834,"540 Fuentes Isle
Thompsonton, CA 13880",N,hours
919,Brittany Snyder,324-66-5356,"59355 Katherine Fort Apt. 027
New Amber, NJ 28261",Y,miles
920,Cynthia Williams,839-78-1909,"3418 Smith Landing
Dianahaven, AK 75202",Y,miles
921,Michelle Knight,806-30-7491,"225 Gary Lane Apt. 016
Jerryberg, TX 73650",Y,miles
922,Dawn Gross,727-49-2545,"632 Daniel Isle
West Shawnmouth, AK 98171",Y,miles
923,Jonathan Copeland,419-31-9862,"620 Perez Meadow Suite 745
Bryanton, CT 74890",Y,hours
924,Connie Anderson,132-20-1803,"590 Brenda River
Christopherburgh, FL 85138",N,hours
925,Nicole Arnold,728-91-9952,"38025 Olivia Prairie Suite 132
East Gabriellaberg, WA 23968",N,hours
926,Julia Caldwell,661-66-2637,"43528 Green Glens Apt. 584
West David, WI 72099",Y,miles
927,Brian Harvey,231-63-2607,"7894 Wong Center
Denisemouth, CA 90652",Y,hours
928,Sherry Brown,308-10-4746,"9724 Isaac Viaduct Apt. 724
Lake Phillip, SC 43612",Y,miles
929,Mr. Marcus Lee,513-90-6401,"405 Rebecca Run
South Danielmouth, ME 05061",N,miles
930,Joseph Bartlett,732-64-6222,"6402 Donald Estate
Rodneyview, KS 80136",N,hours
931,Michael Harrell,845-98-5749,"116 Jennifer Circle Suite 170
Robertbury, MT 51364",Y,miles
932,Jason Cross,097-67-5066,"12332 Armstrong Plains
Lake James, OH 65638",Y,hours
933,Timothy Thomas,231-68-2463,"54394 Anderson Circles
New Troyburgh, OH 48986",Y,miles
934,Michael Smith,385-09-9252,"15260 Johnston Crossing
Jamesfurt, MI 47976",N,miles
935,Danny Williams,561-50-0099,"6150 Taylor Meadow
Richardsonhaven, FL 21302",N,miles
936,Miranda Dalton,776-28-1606,"836 Sean Garden
Pearsonland, IL 35674",Y,miles
937,Justin Richard,885-44-7609,"16431 Helen Wall
Susanberg, SC 18327",Y,hours
938,April Moreno,454-09-0072,"572 Megan Orchard
North Brooke, NH 38522",N,hours
939,Ronald Trevino,044-93-0222,"489 Hall Fall
Johnsonmouth, SC 79241",N,miles
940,Mrs. Michele Wilson MD,883-74-6689,"09631 Morris Vista
North Austin, GA 68418",N,hours
941,Sarah Anthony,485-47-5360,"7240 Robertson Shoal
Lake Rebeccaville, NV 33232",Y,hours
942,Raymond Kirk,219-55-9418,"Unit 6489 Box 3173
DPO AP 14732",N,hours
943,Stacy Robles,363-58-2586,"207 Teresa Viaduct Suite 850
North Jennaland, DC 03236",Y,hours
944,Jennifer Holder,303-41-3507,"Unit 3405 Box 4584
DPO AP 09055",Y,hours
945,Mrs. Kathy Delgado MD,573-49-2235,"07157 Cathy Via
Brownmouth, OK 49100",N,miles
946,John Juarez,079-93-9721,"09915 Allen Lake Apt. 733
Bethanybury, DC 48810",Y,hours
947,Leslie Warner,612-25-0755,"671 Mary Lock Apt. 897
Gentrymouth, FL 53193",N,miles
948,Amy Miller,400-51-5516,"65413 Reyes Trace
Lake Brian, AK 43805",N,hours
949,Scott Wright,429-91-4553,"2199 Jeffrey Highway
Lake John, ID 92198",N,hours
950,Crystal Gonzalez,182-94-7367,"581 Austin Harbor
East Lisaton, MS 81749",N,miles
951,Amanda Barton,259-18-4766,"2310 Courtney Drives
West William, WV 50773",Y,miles
952,Samantha Phillips,873-15-3184,"67237 Rhonda Glen
South Jefferyton, IA 33612",Y,hours
953,Eric Downs,358-96-1379,"529 Rowland Forest Suite 124
South Benjamin, NH 79082",N,miles
954,Cheryl Davis,019-72-3002,"PSC 0966, Box 0797
APO AE 14602",Y,miles
955,Lisa Lutz,230-31-2549,"USNS Mcclain
FPO AP 34847",N,hours
956,Danielle White,772-19-9059,"11897 Karen Springs Apt. 590
North Paulside, NE 51621",Y,hours
957,Tracy Edwards,737-67-8214,"3878 Tyler Courts Suite 113
East Rebeccaport, SD 68632",Y,miles
958,Elizabeth Moore,884-07-2371,"USCGC Hughes
FPO AA 33639",N,miles
959,Jared Fields,268-53-6885,"118 Shawn Ports Apt. 320
Jasonborough, PA 08201",Y,hours
960,Carla Campbell,631-20-5181,"6251 Davis Pines Apt. 153
South Kyle, MI 50232",N,hours
961,Cassandra Matthews,382-80-9068,"410 Ray Cape
West Jennifer, WV 06512",N,hours
962,Jeffrey Clark,349-84-8189,"193 Ferguson Bridge Suite 273
Vickiton, MN 66745",N,miles
963,James Lane,199-56-7450,"1931 Jessica Stravenue Apt. 881
Jameston, NH 96301",Y,miles
964,Nicholas Dixon,096-31-1945,"6782 Andrew River
Meredithville, NH 38945",Y,hours
965,Alvin Brown,841-16-9160,"306 Hernandez Ridges Suite 818
Ashleyfurt, GU 77813",Y,miles
966,Antonio Gay,362-56-8665,"7225 Rodriguez Parks Apt. 455
Jonathanmouth, HI 86427",N,miles
967,Stephen Soto,618-91-4423,"943 Miller Squares Apt. 314
East Valerie, MP 04262",N,hours
968,Larry Hudson,302-97-6244,"6504 Mary Divide Apt. 541
North Matthew, KY 32170",N,miles
969,George Rojas,887-92-8918,"127 Jennifer Passage
North Crystalmouth, GA 62208",N,miles
970,Gabriel Glover,421-58-9466,"30035 Robinson Orchard Suite 359
Alexatown, ID 42580",N,miles
971,Kimberly Washington,300-06-8954,"219 Wendy Hill Apt. 680
Lake Earl, NY 08071",Y,hours
972,Anna Macias,852-79-1030,"04954 Pena Corner
Port Joannafurt, NY 96064",Y,miles
973,Miguel Wang,079-61-0648,"60731 Hill Union Apt. 764
West Zacharychester, UT 69694",N,hours
974,Heather Long,333-78-9764,"06053 Lopez Stravenue Suite 089
Adamsborough, OH 60751",N,hours
975,Joseph Cardenas,422-42-5958,"5094 Hill Isle
Monroeport, ND 69012",N,miles
976,Mitchell Hawkins,672-22-3132,"7238 Mathis Stravenue
Christopherland, KS 97465",N,hours
977,Jason Anderson,556-71-7492,"522 Barron Plaza
East Nicoleview, NY 57005",Y,hours
978,Thomas Perez,438-49-6006,"Unit 2126 Box 6198
DPO AA 64642",Y,miles
979,Mr. Anthony Rose,748-28-5923,"292 Timothy Isle Suite 803
Port Richard, PR 75266",N,hours
980,David Perez,468-09-6359,"6389 Kevin Gateway
Beckbury, NJ 16136",Y,hours
981,Joseph Lam,710-30-2693,"4878 Carlos Extension Suite 153
Cortezside, IA 33576",N,hours
982,Robin Sanders,287-09-9263,"2159 Rice Ridges
West Tammyfort, NM 47426",N,miles
983,David Martin,010-82-3858,"180 Lester Valley
Sanchezside, TX 36632",N,miles
984,Carmen Costa,177-90-3332,"6070 Byrd Ports Suite 308
Leeton, DC 30548",N,hours
985,Victor Novak,385-47-5449,"39957 Nelson Key Apt. 264
Port Anthonyfurt, WI 49939",Y,hours
986,Brian Miranda,648-08-3195,"647 Nicole Field Suite 602
Lake Kellimouth, VA 74607",N,miles
987,Anthony Johnson,652-82-2587,"242 Katherine Throughway Suite 197
Madisonfort, MH 17680",N,hours
988,Erica Torres,389-77-6901,"35383 Mercado Crest Suite 444
Ryanmouth, UT 35529",Y,hours
989,Caitlin Kelly,352-66-4960,"634 Marie Forges
East John, DC 85864",N,miles
990,Michael Hendrix,260-25-5142,"911 Wood Drive
Hesston, AK 78090",Y,miles
991,Renee Donovan,591-79-7201,"23963 Elizabeth Mall
Sandersville, ND 55508",Y,hours
992,Emily Larson,077-27-3367,"76525 Marvin Road Apt. 652
Emilyview, SD 87414",N,hours
993,April Baker,465-22-2414,"64799 Leblanc Ridges Apt. 918
New Kennethview, KS 09987",Y,miles
994,Terry Hanson,854-54-3048,"9565 Michael Terrace
South Danielside, DC 89740",N,miles
995,Henry Wilcox,768-97-9283,"5324 Christopher Point Suite 979
West Nicole, OR 03279",N,hours
996,James Sampson,474-27-5569,"932 Thomas Loaf
Lake Dakota, ND 81514",Y,miles
997,Destiny Thornton,376-39-5602,"0793 Regina Cliffs Apt. 895
South Alyssa, WY 66986",Y,hours
998,Charles Dorsey,772-50-6931,"65218 Woods Camp Apt. 931
Rodriguezchester, WA 58052",Y,miles
999,Robert Adams,794-37-5305,"664 David Fords
Port Eric, MO 18423",N,miles
1000,Tara Alexander,601-15-5438,"95894 Wilson Route Apt. 153
Allenmouth, WI 56615",Y,hours
1001,Charles Waters,385-25-6651,"519 Pace Ports
Jonfurt, OR 24345",Y,hours
1002,Ann Carter,092-83-2780,"85334 Janice Crossroad Apt. 223
Nealborough, MP 50151",Y,hours
1003,Jennifer Harper,872-19-4722,"7991 Frank Landing
West Aprilmouth, WY 56075",N,hours
1004,Jenna Carson,885-11-6114,"19597 Baxter Parkway Apt. 930
Tonystad, RI 50967",Y,hours
1005,Darren Parker,258-82-0485,"244 Johnson Ranch
North Pamela, NE 40971",Y,miles
1006,Christopher Williams,333-67-7657,"8315 Jillian Groves Apt. 041
Cruzburgh, ID 85446",Y,miles
1007,Austin French,613-83-9279,"9043 Edward Flat Apt. 182
Port Anthony, OH 35211",N,miles
1008,Alexa Harding,508-62-9381,"96957 Evans Burgs Apt. 000
Lake Kenneth, TN 10130",Y,hours
1009,Darren Cooke,061-81-0638,"8707 Kevin Forks Apt. 698
Gomezmouth, OR 18336",Y,hours
